BEGIN TRANSACTION;
CREATE TABLE IF NOT EXISTS "Location" (
	"locationID"	INTEGER NOT NULL UNIQUE,
	"homeID"	INTEGER NOT NULL,
	"address"	TEXT NOT NULL,
	"city"	TEXT NOT NULL,
	"state"	TEXT NOT NULL,
	"postalCode"	TEXT NOT NULL,
	FOREIGN KEY("homeID") REFERENCES "Home"("homeID"),
	PRIMARY KEY("locationID" AUTOINCREMENT)
);
CREATE TABLE IF NOT EXISTS "Owner" (
	"ownerID"	INTEGER NOT NULL UNIQUE,
	"firstName"	TEXT NOT NULL,
	"lastName"	TEXT NOT NULL,
	"phone"	TEXT NOT NULL,
	"email"	TEXT NOT NULL,
	"address"	TEXT,
	PRIMARY KEY("ownerID")
);
CREATE TABLE IF NOT EXISTS "Buyer" (
	"buyerID"	INTEGER NOT NULL UNIQUE,
	"firstName"	TEXT NOT NULL,
	"lastName"	TEXT NOT NULL,
	"phone"	TEXT NOT NULL,
	"email"	TEXT NOT NULL,
	"address"	TEXT,
	PRIMARY KEY("buyerID")
);
CREATE TABLE IF NOT EXISTS "Agent" (
	"agentID"	INTEGER NOT NULL UNIQUE,
	"firstName"	TEXT NOT NULL,
	"lastName"	TEXT NOT NULL,
	"phone"	TEXT NOT NULL,
	"email"	TEXT NOT NULL,
	"address"	TEXT NOT NULL,
	PRIMARY KEY("agentID" AUTOINCREMENT)
);
CREATE TABLE IF NOT EXISTS "Price" (
	"priceID"	INTEGER NOT NULL UNIQUE,
	"homeID"	INTEGER NOT NULL,
	"marketPrice"	NUMERIC,
	"bidPrice"	NUMERIC,
	"lastPrice"	NUMERIC,
	PRIMARY KEY("priceID" AUTOINCREMENT)
);
CREATE TABLE IF NOT EXISTS "PropertyStatus" (
	"statusID"	INTEGER NOT NULL,
	"homeID"	INTEGER NOT NULL,
	"status"	TEXT NOT NULL,
	"statusSetDate"	TEXT NOT NULL,
	FOREIGN KEY("homeID") REFERENCES "Home"("homeID"),
	PRIMARY KEY("statusID")
);
CREATE TABLE IF NOT EXISTS "Home" (
	"homeID"	INTEGER NOT NULL UNIQUE,
	"homeType"	TEXT NOT NULL,
	"bedrooms"	INTEGER NOT NULL,
	"bathrooms"	INTEGER NOT NULL,
	"interiorArea"	INTEGER NOT NULL,
	"lot"	INTEGER NOT NULL,
	"parking"	INTEGER,
	"heating"	TEXT,
	"cooling"	TEXT,
	"view"	TEXT,
	PRIMARY KEY("homeID" AUTOINCREMENT)
);
CREATE TABLE IF NOT EXISTS "Home_Owner" (
	"homeID"	INTEGER NOT NULL,
	"ownerID"	INTEGER NOT NULL,
	FOREIGN KEY("homeID") REFERENCES "Home"("homeID"),
	PRIMARY KEY("homeID","ownerID")
);
CREATE TABLE IF NOT EXISTS "Home_Agent" (
	"agentID"	INTEGER NOT NULL UNIQUE,
	"homeID"	INT NOT NULL,
	PRIMARY KEY("agentID","homeID")
);
CREATE TABLE IF NOT EXISTS "Home_Buyer" (
	"homeID"	INTEGER NOT NULL,
	"buyerID"	INTEGER,
	FOREIGN KEY("buyerID") REFERENCES "Buyer"("buyerID"),
	FOREIGN KEY("homeID") REFERENCES "Home"("homeID"),
	PRIMARY KEY("homeID")
);
INSERT INTO "Location" ("locationID","homeID","address","city","state","postalCode") VALUES (1,49,'13761 Northland Hill','New Orleans','Louisiana','70187');
INSERT INTO "Location" ("locationID","homeID","address","city","state","postalCode") VALUES (2,29,'906 Claremont Center','Jacksonville','Florida','32220');
INSERT INTO "Location" ("locationID","homeID","address","city","state","postalCode") VALUES (3,9,'081 Blue Bill Park Terrace','Roanoke','Virginia','24048');
INSERT INTO "Location" ("locationID","homeID","address","city","state","postalCode") VALUES (4,36,'3 Sutteridge Avenue','Atlanta','Georgia','30386');
INSERT INTO "Location" ("locationID","homeID","address","city","state","postalCode") VALUES (5,65,'48 Crest Line Pass','Las Vegas','Nevada','89150');
INSERT INTO "Location" ("locationID","homeID","address","city","state","postalCode") VALUES (6,1,'77 Fremont Plaza','Phoenix','Arizona','85035');
INSERT INTO "Location" ("locationID","homeID","address","city","state","postalCode") VALUES (7,28,'21725 Vahlen Avenue','Amarillo','Texas','79171');
INSERT INTO "Location" ("locationID","homeID","address","city","state","postalCode") VALUES (8,73,'65 Milwaukee Road','Daytona Beach','Florida','32118');
INSERT INTO "Location" ("locationID","homeID","address","city","state","postalCode") VALUES (9,81,'41 Namekagon Drive','Davenport','Iowa','52804');
INSERT INTO "Location" ("locationID","homeID","address","city","state","postalCode") VALUES (10,18,'588 Colorado Circle','Stamford','Connecticut','06922');
INSERT INTO "Location" ("locationID","homeID","address","city","state","postalCode") VALUES (11,63,'966 Clarendon Alley','Flushing','New York','11388');
INSERT INTO "Location" ("locationID","homeID","address","city","state","postalCode") VALUES (12,25,'08078 Knutson Way','Washington','District of Columbia','20260');
INSERT INTO "Location" ("locationID","homeID","address","city","state","postalCode") VALUES (13,58,'25477 Lukken Place','El Paso','Texas','88514');
INSERT INTO "Location" ("locationID","homeID","address","city","state","postalCode") VALUES (14,15,'3981 Myrtle Alley','Winter Haven','Florida','33884');
INSERT INTO "Location" ("locationID","homeID","address","city","state","postalCode") VALUES (15,85,'486 Coleman Street','Mesa','Arizona','85210');
INSERT INTO "Location" ("locationID","homeID","address","city","state","postalCode") VALUES (16,77,'941 Corscot Way','El Paso','Texas','79968');
INSERT INTO "Location" ("locationID","homeID","address","city","state","postalCode") VALUES (17,64,'3093 Susan Plaza','Memphis','Tennessee','38197');
INSERT INTO "Location" ("locationID","homeID","address","city","state","postalCode") VALUES (18,11,'0733 Straubel Junction','Memphis','Tennessee','38131');
INSERT INTO "Location" ("locationID","homeID","address","city","state","postalCode") VALUES (19,72,'4 Sachtjen Trail','Pittsburgh','Pennsylvania','15220');
INSERT INTO "Location" ("locationID","homeID","address","city","state","postalCode") VALUES (20,32,'516 Cascade Avenue','Metairie','Louisiana','70033');
INSERT INTO "Location" ("locationID","homeID","address","city","state","postalCode") VALUES (21,99,'4468 Erie Terrace','Toledo','Ohio','43615');
INSERT INTO "Location" ("locationID","homeID","address","city","state","postalCode") VALUES (22,79,'156 Jenifer Hill','Kansas City','Missouri','64153');
INSERT INTO "Location" ("locationID","homeID","address","city","state","postalCode") VALUES (23,48,'270 Hansons Court','Hamilton','Ohio','45020');
INSERT INTO "Location" ("locationID","homeID","address","city","state","postalCode") VALUES (24,98,'0 Fisk Way','Jackson','Mississippi','39204');
INSERT INTO "Location" ("locationID","homeID","address","city","state","postalCode") VALUES (25,71,'76358 Cordelia Plaza','Baton Rouge','Louisiana','70805');
INSERT INTO "Location" ("locationID","homeID","address","city","state","postalCode") VALUES (26,53,'35831 Calypso Alley','Greensboro','North Carolina','27409');
INSERT INTO "Location" ("locationID","homeID","address","city","state","postalCode") VALUES (27,38,'8251 Paget Terrace','Newton','Massachusetts','02458');
INSERT INTO "Location" ("locationID","homeID","address","city","state","postalCode") VALUES (28,75,'8223 Comanche Junction','San Angelo','Texas','76905');
INSERT INTO "Location" ("locationID","homeID","address","city","state","postalCode") VALUES (29,51,'1 Brickson Park Park','Alexandria','Louisiana','71307');
INSERT INTO "Location" ("locationID","homeID","address","city","state","postalCode") VALUES (30,33,'762 Mallory Street','Nashville','Tennessee','37205');
INSERT INTO "Location" ("locationID","homeID","address","city","state","postalCode") VALUES (31,35,'205 Redwing Way','Escondido','California','92030');
INSERT INTO "Location" ("locationID","homeID","address","city","state","postalCode") VALUES (32,42,'554 Fair Oaks Junction','Las Vegas','Nevada','89160');
INSERT INTO "Location" ("locationID","homeID","address","city","state","postalCode") VALUES (33,62,'23238 Waxwing Junction','San Jose','California','95194');
INSERT INTO "Location" ("locationID","homeID","address","city","state","postalCode") VALUES (34,90,'73 Homewood Lane','Portland','Oregon','97221');
INSERT INTO "Location" ("locationID","homeID","address","city","state","postalCode") VALUES (35,14,'25011 Holmberg Alley','Santa Ana','California','92725');
INSERT INTO "Location" ("locationID","homeID","address","city","state","postalCode") VALUES (36,5,'11 Tomscot Hill','Nashville','Tennessee','37205');
INSERT INTO "Location" ("locationID","homeID","address","city","state","postalCode") VALUES (37,41,'622 Golden Leaf Trail','Norcross','Georgia','30092');
INSERT INTO "Location" ("locationID","homeID","address","city","state","postalCode") VALUES (38,10,'37327 Scofield Crossing','Indianapolis','Indiana','46254');
INSERT INTO "Location" ("locationID","homeID","address","city","state","postalCode") VALUES (39,57,'24482 Welch Way','Brooklyn','New York','11241');
INSERT INTO "Location" ("locationID","homeID","address","city","state","postalCode") VALUES (40,80,'22 Shopko Parkway','Eugene','Oregon','97405');
INSERT INTO "Location" ("locationID","homeID","address","city","state","postalCode") VALUES (41,83,'56 Brentwood Alley','Plano','Texas','75074');
INSERT INTO "Location" ("locationID","homeID","address","city","state","postalCode") VALUES (42,84,'27 Ilene Plaza','Berkeley','California','94705');
INSERT INTO "Location" ("locationID","homeID","address","city","state","postalCode") VALUES (43,16,'38 Pankratz Road','San Diego','California','92186');
INSERT INTO "Location" ("locationID","homeID","address","city","state","postalCode") VALUES (44,92,'2 Grover Point','Metairie','Louisiana','70033');
INSERT INTO "Location" ("locationID","homeID","address","city","state","postalCode") VALUES (45,95,'2 Cottonwood Pass','Tulsa','Oklahoma','74133');
INSERT INTO "Location" ("locationID","homeID","address","city","state","postalCode") VALUES (46,37,'2 Iowa Pass','Pittsburgh','Pennsylvania','15261');
INSERT INTO "Location" ("locationID","homeID","address","city","state","postalCode") VALUES (47,60,'77299 Fuller Alley','Bethlehem','Pennsylvania','18018');
INSERT INTO "Location" ("locationID","homeID","address","city","state","postalCode") VALUES (48,27,'14087 Jana Point','Toledo','Ohio','43615');
INSERT INTO "Location" ("locationID","homeID","address","city","state","postalCode") VALUES (49,94,'6589 Orin Pass','Pensacola','Florida','32511');
INSERT INTO "Location" ("locationID","homeID","address","city","state","postalCode") VALUES (50,66,'572 Amoth Road','Fresno','California','93704');
INSERT INTO "Location" ("locationID","homeID","address","city","state","postalCode") VALUES (51,78,'35 Brentwood Court','Spartanburg','South Carolina','29305');
INSERT INTO "Location" ("locationID","homeID","address","city","state","postalCode") VALUES (52,30,'956 Dennis Place','Houston','Texas','77240');
INSERT INTO "Location" ("locationID","homeID","address","city","state","postalCode") VALUES (53,46,'50944 Westridge Junction','Ogden','Utah','84409');
INSERT INTO "Location" ("locationID","homeID","address","city","state","postalCode") VALUES (54,93,'6674 Dahle Trail','Dallas','Texas','75241');
INSERT INTO "Location" ("locationID","homeID","address","city","state","postalCode") VALUES (55,87,'8 Talisman Road','Pensacola','Florida','32575');
INSERT INTO "Location" ("locationID","homeID","address","city","state","postalCode") VALUES (56,6,'04008 Hansons Trail','El Paso','Texas','88558');
INSERT INTO "Location" ("locationID","homeID","address","city","state","postalCode") VALUES (57,13,'06278 Calypso Hill','Burbank','California','91505');
INSERT INTO "Location" ("locationID","homeID","address","city","state","postalCode") VALUES (58,23,'59155 Warbler Court','Wichita','Kansas','67215');
INSERT INTO "Location" ("locationID","homeID","address","city","state","postalCode") VALUES (59,20,'08433 Meadow Valley Place','Tulsa','Oklahoma','74126');
INSERT INTO "Location" ("locationID","homeID","address","city","state","postalCode") VALUES (60,8,'6 Del Sol Drive','Fayetteville','North Carolina','28314');
INSERT INTO "Location" ("locationID","homeID","address","city","state","postalCode") VALUES (61,44,'93 Roth Trail','Lynn','Massachusetts','01905');
INSERT INTO "Location" ("locationID","homeID","address","city","state","postalCode") VALUES (62,88,'1 Calypso Alley','New York City','New York','10029');
INSERT INTO "Location" ("locationID","homeID","address","city","state","postalCode") VALUES (63,22,'7218 Knutson Way','New York City','New York','10039');
INSERT INTO "Location" ("locationID","homeID","address","city","state","postalCode") VALUES (64,45,'5445 Nevada Point','Raleigh','North Carolina','27658');
INSERT INTO "Location" ("locationID","homeID","address","city","state","postalCode") VALUES (65,100,'74 Northview Park','Dallas','Texas','75358');
INSERT INTO "Location" ("locationID","homeID","address","city","state","postalCode") VALUES (66,21,'20204 Sycamore Trail','Lexington','Kentucky','40591');
INSERT INTO "Location" ("locationID","homeID","address","city","state","postalCode") VALUES (67,2,'1 Dunning Circle','Dayton','Ohio','45403');
INSERT INTO "Location" ("locationID","homeID","address","city","state","postalCode") VALUES (68,12,'21 Scofield Park','Reno','Nevada','89505');
INSERT INTO "Location" ("locationID","homeID","address","city","state","postalCode") VALUES (69,59,'0 Ronald Regan Drive','Columbus','Mississippi','39705');
INSERT INTO "Location" ("locationID","homeID","address","city","state","postalCode") VALUES (70,61,'84 Kinsman Plaza','Washington','District of Columbia','20425');
INSERT INTO "Location" ("locationID","homeID","address","city","state","postalCode") VALUES (71,31,'8 Stephen Crossing','Indianapolis','Indiana','46221');
INSERT INTO "Location" ("locationID","homeID","address","city","state","postalCode") VALUES (72,96,'3498 8th Circle','Fort Worth','Texas','76105');
INSERT INTO "Location" ("locationID","homeID","address","city","state","postalCode") VALUES (73,26,'3 Utah Court','San Francisco','California','94137');
INSERT INTO "Location" ("locationID","homeID","address","city","state","postalCode") VALUES (74,50,'21217 Rieder Alley','Philadelphia','Pennsylvania','19141');
INSERT INTO "Location" ("locationID","homeID","address","city","state","postalCode") VALUES (75,7,'27132 Lyons Junction','Schenectady','New York','12325');
INSERT INTO "Location" ("locationID","homeID","address","city","state","postalCode") VALUES (76,43,'8854 Schmedeman Point','Minneapolis','Minnesota','55436');
INSERT INTO "Location" ("locationID","homeID","address","city","state","postalCode") VALUES (77,70,'3 Carberry Point','Lincoln','Nebraska','68517');
INSERT INTO "Location" ("locationID","homeID","address","city","state","postalCode") VALUES (78,69,'91496 Boyd Trail','Saint Louis','Missouri','63121');
INSERT INTO "Location" ("locationID","homeID","address","city","state","postalCode") VALUES (79,3,'3 Eagan Hill','Merrifield','Virginia','22119');
INSERT INTO "Location" ("locationID","homeID","address","city","state","postalCode") VALUES (80,54,'7234 Carioca Lane','Lancaster','Pennsylvania','17622');
INSERT INTO "Location" ("locationID","homeID","address","city","state","postalCode") VALUES (81,97,'59730 Memorial Street','New York City','New York','10280');
INSERT INTO "Location" ("locationID","homeID","address","city","state","postalCode") VALUES (82,74,'9436 Dayton Circle','Reading','Pennsylvania','19605');
INSERT INTO "Location" ("locationID","homeID","address","city","state","postalCode") VALUES (83,34,'33 Sunnyside Avenue','Greenville','South Carolina','29610');
INSERT INTO "Location" ("locationID","homeID","address","city","state","postalCode") VALUES (84,4,'265 Bunker Hill Avenue','Philadelphia','Pennsylvania','19196');
INSERT INTO "Location" ("locationID","homeID","address","city","state","postalCode") VALUES (85,52,'379 Summit Court','Boston','Massachusetts','02283');
INSERT INTO "Location" ("locationID","homeID","address","city","state","postalCode") VALUES (86,89,'50378 Dryden Drive','Lake Worth','Florida','33467');
INSERT INTO "Location" ("locationID","homeID","address","city","state","postalCode") VALUES (87,91,'11 Nobel Trail','College Station','Texas','77844');
INSERT INTO "Location" ("locationID","homeID","address","city","state","postalCode") VALUES (88,82,'1158 Muir Parkway','Cleveland','Ohio','44177');
INSERT INTO "Location" ("locationID","homeID","address","city","state","postalCode") VALUES (89,47,'9364 Scofield Place','Las Vegas','Nevada','89115');
INSERT INTO "Location" ("locationID","homeID","address","city","state","postalCode") VALUES (90,40,'3829 Caliangt Way','Concord','California','94522');
INSERT INTO "Location" ("locationID","homeID","address","city","state","postalCode") VALUES (91,39,'19 Golf Park','Oklahoma City','Oklahoma','73167');
INSERT INTO "Location" ("locationID","homeID","address","city","state","postalCode") VALUES (92,86,'671 Ruskin Road','Roanoke','Virginia','24009');
INSERT INTO "Location" ("locationID","homeID","address","city","state","postalCode") VALUES (93,19,'01567 Milwaukee Terrace','Norman','Oklahoma','73071');
INSERT INTO "Location" ("locationID","homeID","address","city","state","postalCode") VALUES (94,24,'59 Brown Circle','Corpus Christi','Texas','78465');
INSERT INTO "Location" ("locationID","homeID","address","city","state","postalCode") VALUES (95,67,'754 Sauthoff Center','Mesquite','Texas','75185');
INSERT INTO "Location" ("locationID","homeID","address","city","state","postalCode") VALUES (96,17,'8560 Warner Avenue','Aurora','Colorado','80045');
INSERT INTO "Location" ("locationID","homeID","address","city","state","postalCode") VALUES (97,56,'603 Fallview Street','Spokane','Washington','99252');
INSERT INTO "Location" ("locationID","homeID","address","city","state","postalCode") VALUES (98,68,'8192 Erie Center','Sacramento','California','95813');
INSERT INTO "Location" ("locationID","homeID","address","city","state","postalCode") VALUES (99,55,'8700 Armistice Road','Corpus Christi','Texas','78405');
INSERT INTO "Location" ("locationID","homeID","address","city","state","postalCode") VALUES (100,76,'7283 Acker Hill','Reno','Nevada','89550');
INSERT INTO "Owner" ("ownerID","firstName","lastName","phone","email","address") VALUES (1,'Osbourn','Stoner','130-787-0038','ostoner0@canalblog.com','5801 Pearson Court');
INSERT INTO "Owner" ("ownerID","firstName","lastName","phone","email","address") VALUES (2,'Shelton','Baxstair','473-386-8885','sbaxstair1@list-manage.com','2827 Sachtjen Point');
INSERT INTO "Owner" ("ownerID","firstName","lastName","phone","email","address") VALUES (3,'Marcello','Kibble','170-847-2258','mkibble2@ucsd.edu','12289 Havey Street');
INSERT INTO "Owner" ("ownerID","firstName","lastName","phone","email","address") VALUES (4,'Erick','Van Hove','928-865-2024','evanhove3@jiathis.com','071 Elgar Parkway');
INSERT INTO "Owner" ("ownerID","firstName","lastName","phone","email","address") VALUES (5,'Desdemona','Wilmore','759-302-7365','dwilmore4@kickstarter.com','35 Vidon Way');
INSERT INTO "Owner" ("ownerID","firstName","lastName","phone","email","address") VALUES (6,'Papagena','Nickoll','440-175-2764','pnickoll5@mapy.cz','72010 Vahlen Avenue');
INSERT INTO "Owner" ("ownerID","firstName","lastName","phone","email","address") VALUES (7,'Afton','Backhurst','978-769-8995','abackhurst6@noaa.gov','470 Moland Trail');
INSERT INTO "Owner" ("ownerID","firstName","lastName","phone","email","address") VALUES (8,'Eldin','Gloucester','743-285-3483','egloucester7@tripod.com','91 Dwight Pass');
INSERT INTO "Owner" ("ownerID","firstName","lastName","phone","email","address") VALUES (9,'Esta','Overill','789-936-9970','eoverill8@vimeo.com',NULL);
INSERT INTO "Owner" ("ownerID","firstName","lastName","phone","email","address") VALUES (10,'Minna','Buscher','243-261-6895','mbuscher9@webeden.co.uk','045 Rieder Avenue');
INSERT INTO "Owner" ("ownerID","firstName","lastName","phone","email","address") VALUES (11,'Emerson','Truss','766-541-6895','etrussa@chronoengine.com',NULL);
INSERT INTO "Owner" ("ownerID","firstName","lastName","phone","email","address") VALUES (12,'Chrotoem','Rainsdon','271-646-1804','crainsdonb@china.com.cn','812 Mayfield Court');
INSERT INTO "Owner" ("ownerID","firstName","lastName","phone","email","address") VALUES (13,'Freeman','Willimott','654-929-0465','fwillimottc@google.fr','3770 Eagan Crossing');
INSERT INTO "Owner" ("ownerID","firstName","lastName","phone","email","address") VALUES (14,'Arny','Tudor','986-482-1767','atudord@fotki.com','1375 Miller Avenue');
INSERT INTO "Owner" ("ownerID","firstName","lastName","phone","email","address") VALUES (15,'Caddric','Mabey','735-716-9252','cmabeye@marketwatch.com','375 Orin Parkway');
INSERT INTO "Owner" ("ownerID","firstName","lastName","phone","email","address") VALUES (16,'Suzanna','Pott','731-921-7089','spottf@people.com.cn','29231 Twin Pines Terrace');
INSERT INTO "Owner" ("ownerID","firstName","lastName","phone","email","address") VALUES (17,'Haily','Horwell','688-775-6384','hhorwellg@creativecommons.org',NULL);
INSERT INTO "Owner" ("ownerID","firstName","lastName","phone","email","address") VALUES (18,'Marget','Birkbeck','862-616-2193','mbirkbeckh@jalbum.net','36040 Green Terrace');
INSERT INTO "Owner" ("ownerID","firstName","lastName","phone","email","address") VALUES (19,'Nicolea','Piddlehinton','731-661-2411','npiddlehintoni@theatlantic.com','21651 Green Hill');
INSERT INTO "Owner" ("ownerID","firstName","lastName","phone","email","address") VALUES (20,'Haywood','Causbey','303-946-5747','hcausbeyj@freewebs.com',NULL);
INSERT INTO "Owner" ("ownerID","firstName","lastName","phone","email","address") VALUES (21,'Benoit','McNeice','702-389-2291','bmcneicek@jugem.jp','703 Hoffman Place');
INSERT INTO "Owner" ("ownerID","firstName","lastName","phone","email","address") VALUES (22,'Keane','Dittson','656-241-4615','kdittsonl@seesaa.net','5 Ridgeway Alley');
INSERT INTO "Owner" ("ownerID","firstName","lastName","phone","email","address") VALUES (23,'Trevor','Mayall','452-164-0629','tmayallm@blogger.com','7514 Thierer Junction');
INSERT INTO "Owner" ("ownerID","firstName","lastName","phone","email","address") VALUES (24,'Clayton','Bodycote','404-268-5585','cbodycoten@smh.com.au','36329 Vidon Road');
INSERT INTO "Owner" ("ownerID","firstName","lastName","phone","email","address") VALUES (25,'Georgia','Taaffe','737-519-3213','gtaaffeo@deviantart.com','91126 Granby Center');
INSERT INTO "Owner" ("ownerID","firstName","lastName","phone","email","address") VALUES (26,'Ban','Buncom','943-269-7450','bbuncomp@sciencedirect.com','2561 Susan Road');
INSERT INTO "Owner" ("ownerID","firstName","lastName","phone","email","address") VALUES (27,'Jaymee','Marnes','255-871-4426','jmarnesq@walmart.com','4731 Del Mar Crossing');
INSERT INTO "Owner" ("ownerID","firstName","lastName","phone","email","address") VALUES (28,'Eran','Bather','656-572-0395','ebatherr@1688.com','40394 Brown Park');
INSERT INTO "Owner" ("ownerID","firstName","lastName","phone","email","address") VALUES (29,'Gallard','Syncke','902-880-8957','gsynckes@stumbleupon.com','65674 Superior Circle');
INSERT INTO "Owner" ("ownerID","firstName","lastName","phone","email","address") VALUES (30,'Vanna','Sier','185-243-2301','vsiert@sun.com','66 Shelley Road');
INSERT INTO "Owner" ("ownerID","firstName","lastName","phone","email","address") VALUES (31,'Yolane','Pavlik','458-506-8429','ypavliku@comsenz.com','10638 Bonner Crossing');
INSERT INTO "Owner" ("ownerID","firstName","lastName","phone","email","address") VALUES (32,'Myrtle','Anderton','445-952-9821','mandertonv@vistaprint.com','49 Mallard Pass');
INSERT INTO "Owner" ("ownerID","firstName","lastName","phone","email","address") VALUES (33,'Farly','Paulo','285-646-9233','fpaulow@foxnews.com','24 Pennsylvania Crossing');
INSERT INTO "Owner" ("ownerID","firstName","lastName","phone","email","address") VALUES (34,'Nessy','Bidder','169-914-2714','nbidderx@sfgate.com','8835 West Lane');
INSERT INTO "Owner" ("ownerID","firstName","lastName","phone","email","address") VALUES (35,'Bibby','Taffs','405-821-0216','btaffsy@usa.gov','3740 Sloan Park');
INSERT INTO "Owner" ("ownerID","firstName","lastName","phone","email","address") VALUES (36,'Katuscha','Pitson','298-643-5112','kpitsonz@t-online.de','53 Forest Parkway');
INSERT INTO "Owner" ("ownerID","firstName","lastName","phone","email","address") VALUES (37,'Josee','Stiling','604-520-2891','jstiling10@amazon.de','70259 Pleasure Hill');
INSERT INTO "Owner" ("ownerID","firstName","lastName","phone","email","address") VALUES (38,'Brodie','Adess','161-349-7894','badess11@sciencedirect.com',NULL);
INSERT INTO "Owner" ("ownerID","firstName","lastName","phone","email","address") VALUES (39,'Gabe','Cardinale','560-117-9851','gcardinale12@forbes.com','7731 Valley Edge Park');
INSERT INTO "Owner" ("ownerID","firstName","lastName","phone","email","address") VALUES (40,'Dania','Comini','391-349-1764','dcomini13@nsw.gov.au','98 North Hill');
INSERT INTO "Owner" ("ownerID","firstName","lastName","phone","email","address") VALUES (41,'Katharina','Chanders','415-536-6074','kchanders14@ca.gov','40335 Dunning Circle');
INSERT INTO "Owner" ("ownerID","firstName","lastName","phone","email","address") VALUES (42,'Marabel','Whapham','864-158-2151','mwhapham15@elegantthemes.com','3 Glendale Alley');
INSERT INTO "Owner" ("ownerID","firstName","lastName","phone","email","address") VALUES (43,'Earle','Chang','226-171-3656','echang16@guardian.co.uk','5039 Utah Pass');
INSERT INTO "Owner" ("ownerID","firstName","lastName","phone","email","address") VALUES (44,'Jakie','Armstrong','878-440-6946','jarmstrong17@friendfeed.com','45236 Cherokee Way');
INSERT INTO "Owner" ("ownerID","firstName","lastName","phone","email","address") VALUES (45,'Kaine','Simmonds','922-144-9679','ksimmonds18@cargocollective.com','7 Dayton Alley');
INSERT INTO "Owner" ("ownerID","firstName","lastName","phone","email","address") VALUES (46,'Hatti','Ubsdell','587-310-3652','hubsdell19@parallels.com','64 John Wall Center');
INSERT INTO "Owner" ("ownerID","firstName","lastName","phone","email","address") VALUES (47,'Arlina','Farlowe','824-888-8633','afarlowe1a@state.gov','54082 Harper Place');
INSERT INTO "Owner" ("ownerID","firstName","lastName","phone","email","address") VALUES (48,'Giselle','Sturton','880-733-1913','gsturton1b@google.nl',NULL);
INSERT INTO "Owner" ("ownerID","firstName","lastName","phone","email","address") VALUES (49,'Raynell','Kefford','825-928-7142','rkefford1c@w3.org','17541 Arizona Avenue');
INSERT INTO "Owner" ("ownerID","firstName","lastName","phone","email","address") VALUES (50,'Davis','Wenderott','463-763-2047','dwenderott1d@mozilla.org','21 Kim Point');
INSERT INTO "Owner" ("ownerID","firstName","lastName","phone","email","address") VALUES (51,'Damien','Sandford','271-506-8144','dsandford1e@networksolutions.com','6016 Commercial Pass');
INSERT INTO "Owner" ("ownerID","firstName","lastName","phone","email","address") VALUES (52,'Che','Byrcher','865-163-5655','cbyrcher1f@hatena.ne.jp','7693 Farwell Terrace');
INSERT INTO "Owner" ("ownerID","firstName","lastName","phone","email","address") VALUES (53,'Haslett','Dominguez','804-842-4845','hdominguez1g@quantcast.com','0429 Shoshone Court');
INSERT INTO "Owner" ("ownerID","firstName","lastName","phone","email","address") VALUES (54,'Lesli','Anders','986-601-4557','landers1h@europa.eu','23244 Thompson Plaza');
INSERT INTO "Owner" ("ownerID","firstName","lastName","phone","email","address") VALUES (55,'Kirby','Rand','578-495-9979','krand1i@hibu.com','945 Bunker Hill Circle');
INSERT INTO "Owner" ("ownerID","firstName","lastName","phone","email","address") VALUES (56,'Nat','Cecil','769-407-2904','ncecil1j@surveymonkey.com','13 Magdeline Road');
INSERT INTO "Owner" ("ownerID","firstName","lastName","phone","email","address") VALUES (57,'Roderick','Suttling','156-975-1763','rsuttling1k@google.nl','5914 Basil Alley');
INSERT INTO "Owner" ("ownerID","firstName","lastName","phone","email","address") VALUES (58,'Cthrine','Ordelt','657-741-9875','cordelt1l@hao123.com','055 Miller Hill');
INSERT INTO "Owner" ("ownerID","firstName","lastName","phone","email","address") VALUES (59,'Madelene','Renney','198-252-3782','mrenney1m@prweb.com','8754 Northridge Crossing');
INSERT INTO "Owner" ("ownerID","firstName","lastName","phone","email","address") VALUES (60,'Aimee','Peaker','148-830-8096','apeaker1n@archive.org','18 Colorado Lane');
INSERT INTO "Owner" ("ownerID","firstName","lastName","phone","email","address") VALUES (61,'Helenka','Beggan','215-952-9945','hbeggan1o@illinois.edu','25602 Forster Street');
INSERT INTO "Owner" ("ownerID","firstName","lastName","phone","email","address") VALUES (62,'Gustavo','Hubbard','828-996-9781','ghubbard1p@privacy.gov.au',NULL);
INSERT INTO "Owner" ("ownerID","firstName","lastName","phone","email","address") VALUES (63,'Natka','Leyden','366-492-0700','nleyden1q@nydailynews.com','68130 Debs Street');
INSERT INTO "Owner" ("ownerID","firstName","lastName","phone","email","address") VALUES (64,'Gates','Childrens','418-613-4416','gchildrens1r@i2i.jp','600 Barnett Center');
INSERT INTO "Owner" ("ownerID","firstName","lastName","phone","email","address") VALUES (65,'Barnebas','Oakley','830-537-1277','boakley1s@php.net','940 Grayhawk Way');
INSERT INTO "Owner" ("ownerID","firstName","lastName","phone","email","address") VALUES (66,'Sydney','Peracco','403-635-2782','speracco1t@fema.gov','879 Talisman Plaza');
INSERT INTO "Owner" ("ownerID","firstName","lastName","phone","email","address") VALUES (67,'Isabel','Stockwell','173-975-2691','istockwell1u@blogger.com','5 Almo Hill');
INSERT INTO "Owner" ("ownerID","firstName","lastName","phone","email","address") VALUES (68,'Ashia','Slator','331-827-6538','aslator1v@miitbeian.gov.cn','38773 Mesta Drive');
INSERT INTO "Owner" ("ownerID","firstName","lastName","phone","email","address") VALUES (69,'Harland','Ericssen','757-543-5348','hericssen1w@vk.com','8667 Ramsey Hill');
INSERT INTO "Owner" ("ownerID","firstName","lastName","phone","email","address") VALUES (70,'Birdie','Coakley','331-823-0908','bcoakley1x@latimes.com','4389 Kropf Drive');
INSERT INTO "Owner" ("ownerID","firstName","lastName","phone","email","address") VALUES (71,'Gal','Treppas','379-513-9586','gtreppas1y@amazon.co.jp','84571 Spaight Court');
INSERT INTO "Owner" ("ownerID","firstName","lastName","phone","email","address") VALUES (72,'Verne','Fruchon','604-363-7682','vfruchon1z@gnu.org','8494 Stoughton Drive');
INSERT INTO "Owner" ("ownerID","firstName","lastName","phone","email","address") VALUES (73,'Alejoa','Prall','624-394-5517','aprall20@myspace.com','62 Oneill Point');
INSERT INTO "Owner" ("ownerID","firstName","lastName","phone","email","address") VALUES (74,'Michail','Fisbey','159-313-6161','mfisbey21@yale.edu','8 Petterle Crossing');
INSERT INTO "Owner" ("ownerID","firstName","lastName","phone","email","address") VALUES (75,'Jake','Filinkov','582-131-5516','jfilinkov22@google.co.uk',NULL);
INSERT INTO "Owner" ("ownerID","firstName","lastName","phone","email","address") VALUES (76,'Dari','Baguley','570-691-8161','dbaguley23@ask.com','59 Scott Circle');
INSERT INTO "Owner" ("ownerID","firstName","lastName","phone","email","address") VALUES (77,'Desirae','Masters','172-558-7649','dmasters24@hud.gov','75 Little Fleur Trail');
INSERT INTO "Owner" ("ownerID","firstName","lastName","phone","email","address") VALUES (78,'Darsey','Behan','336-330-8126','dbehan25@reverbnation.com',NULL);
INSERT INTO "Owner" ("ownerID","firstName","lastName","phone","email","address") VALUES (79,'Moll','Lammers','511-827-7836','mlammers26@twitter.com','24 David Way');
INSERT INTO "Owner" ("ownerID","firstName","lastName","phone","email","address") VALUES (80,'Davide','Phear','954-954-2907','dphear27@shutterfly.com','4 Maple Terrace');
INSERT INTO "Owner" ("ownerID","firstName","lastName","phone","email","address") VALUES (81,'Gay','Radenhurst','680-446-1251','gradenhurst28@e-recht24.de','7 Grasskamp Road');
INSERT INTO "Owner" ("ownerID","firstName","lastName","phone","email","address") VALUES (82,'Bennett','Zamboniari','568-642-2954','bzamboniari29@npr.org','6 Clemons Trail');
INSERT INTO "Owner" ("ownerID","firstName","lastName","phone","email","address") VALUES (83,'Marinna','Hebbron','659-140-0201','mhebbron2a@nih.gov','1448 Sunfield Trail');
INSERT INTO "Owner" ("ownerID","firstName","lastName","phone","email","address") VALUES (84,'Kym','Bernini','890-500-7441','kbernini2b@tiny.cc','685 Rutledge Circle');
INSERT INTO "Owner" ("ownerID","firstName","lastName","phone","email","address") VALUES (85,'Euell','Dmitr','329-690-5974','edmitr2c@themeforest.net','2 Dwight Street');
INSERT INTO "Owner" ("ownerID","firstName","lastName","phone","email","address") VALUES (86,'Krysta','Gowthorpe','817-432-9993','kgowthorpe2d@ezinearticles.com','61826 Buhler Road');
INSERT INTO "Owner" ("ownerID","firstName","lastName","phone","email","address") VALUES (87,'Farrel','Davidwitz','718-129-0846','fdavidwitz2e@hatena.ne.jp','225 Bowman Trail');
INSERT INTO "Owner" ("ownerID","firstName","lastName","phone","email","address") VALUES (88,'Granny','Harriday','992-698-0459','gharriday2f@about.com','3 Havey Terrace');
INSERT INTO "Owner" ("ownerID","firstName","lastName","phone","email","address") VALUES (89,'Geordie','Laverock','497-829-8430','glaverock2g@ca.gov','0179 Lake View Alley');
INSERT INTO "Owner" ("ownerID","firstName","lastName","phone","email","address") VALUES (90,'Wright','McCloughlin','334-533-7750','wmccloughlin2h@desdev.cn','34773 Prentice Pass');
INSERT INTO "Owner" ("ownerID","firstName","lastName","phone","email","address") VALUES (91,'Enrica','Culross','707-512-4136','eculross2i@webs.com','33252 Fair Oaks Lane');
INSERT INTO "Owner" ("ownerID","firstName","lastName","phone","email","address") VALUES (92,'Christal','Storcke','605-647-9977','cstorcke2j@edublogs.org','0241 Jana Terrace');
INSERT INTO "Owner" ("ownerID","firstName","lastName","phone","email","address") VALUES (93,'Colin','Gever','771-644-0200','cgever2k@unicef.org','736 Fordem Drive');
INSERT INTO "Owner" ("ownerID","firstName","lastName","phone","email","address") VALUES (94,'Johnette','Merryman','733-394-0453','jmerryman2l@privacy.gov.au','84 Welch Avenue');
INSERT INTO "Owner" ("ownerID","firstName","lastName","phone","email","address") VALUES (95,'Odelle','Ege','323-933-3603','oege2m@springer.com','051 Carpenter Road');
INSERT INTO "Owner" ("ownerID","firstName","lastName","phone","email","address") VALUES (96,'Dasya','Alexsandrev','278-586-0986','dalexsandrev2n@angelfire.com','76954 Maywood Way');
INSERT INTO "Owner" ("ownerID","firstName","lastName","phone","email","address") VALUES (97,'Doll','McVanamy','545-306-0031','dmcvanamy2o@earthlink.net','793 Forster Circle');
INSERT INTO "Owner" ("ownerID","firstName","lastName","phone","email","address") VALUES (98,'Margery','Crisford','170-843-5297','mcrisford2p@discovery.com','61783 Brickson Park Place');
INSERT INTO "Owner" ("ownerID","firstName","lastName","phone","email","address") VALUES (99,'Alexandros','Slesser','586-899-4893','aslesser2q@goo.ne.jp','7 Maple Wood Street');
INSERT INTO "Owner" ("ownerID","firstName","lastName","phone","email","address") VALUES (100,'Noell','Blackley','164-492-9570','nblackley2r@netlog.com','4 Sutteridge Lane');
INSERT INTO "Buyer" ("buyerID","firstName","lastName","phone","email","address") VALUES (1,'Roth','Artharg','669-675-0930','rartharg0@tuttocitta.it','46685 Northfield Parkway');
INSERT INTO "Buyer" ("buyerID","firstName","lastName","phone","email","address") VALUES (2,'Jasun','Ellard','926-507-0264','jellard1@icq.com','58651 Anzinger Lane');
INSERT INTO "Buyer" ("buyerID","firstName","lastName","phone","email","address") VALUES (3,'Cthrine','Bourdice','949-679-0691','cbourdice2@hao123.com','4 Hooker Junction');
INSERT INTO "Buyer" ("buyerID","firstName","lastName","phone","email","address") VALUES (4,'Gray','Breeder','745-558-5164','gbreeder3@fda.gov','617 Maywood Plaza');
INSERT INTO "Buyer" ("buyerID","firstName","lastName","phone","email","address") VALUES (5,'Peyter','Tinn','520-163-6483','ptinn4@dot.gov','8941 Comanche Center');
INSERT INTO "Buyer" ("buyerID","firstName","lastName","phone","email","address") VALUES (6,'Benny','Broader','863-562-6448','bbroader5@cargocollective.com','79 Barnett Way');
INSERT INTO "Buyer" ("buyerID","firstName","lastName","phone","email","address") VALUES (7,'Corbie','Ponten','657-891-7490','cponten6@sakura.ne.jp','0 Packers Pass');
INSERT INTO "Buyer" ("buyerID","firstName","lastName","phone","email","address") VALUES (8,'Thadeus','Munning','616-859-4124','tmunning7@discuz.net','367 Anthes Center');
INSERT INTO "Buyer" ("buyerID","firstName","lastName","phone","email","address") VALUES (9,'Gunther','Dunseath','817-345-4116','gdunseath8@instagram.com','222 Thierer Avenue');
INSERT INTO "Buyer" ("buyerID","firstName","lastName","phone","email","address") VALUES (10,'Essa','Meredyth','485-296-3110','emeredyth9@hugedomains.com','59834 Stuart Avenue');
INSERT INTO "Buyer" ("buyerID","firstName","lastName","phone","email","address") VALUES (11,'Bordie','Scruton','566-682-8991','bscrutona@whitehouse.gov','3 Spohn Pass');
INSERT INTO "Buyer" ("buyerID","firstName","lastName","phone","email","address") VALUES (12,'Biron','Stittle','973-809-8239','bstittleb@usgs.gov','059 Knutson Way');
INSERT INTO "Buyer" ("buyerID","firstName","lastName","phone","email","address") VALUES (13,'Demott','Trevascus','918-548-9705','dtrevascusc@hatena.ne.jp','36 Sullivan Pass');
INSERT INTO "Buyer" ("buyerID","firstName","lastName","phone","email","address") VALUES (14,'Donella','Embery','964-935-3876','demberyd@linkedin.com','28 Onsgard Parkway');
INSERT INTO "Buyer" ("buyerID","firstName","lastName","phone","email","address") VALUES (15,'Danit','Drogan','807-374-9563','ddrogane@fastcompany.com','102 Schlimgen Way');
INSERT INTO "Buyer" ("buyerID","firstName","lastName","phone","email","address") VALUES (16,'Joanne','Lideard','801-451-1841','jlideardf@feedburner.com',NULL);
INSERT INTO "Buyer" ("buyerID","firstName","lastName","phone","email","address") VALUES (17,'Ingaborg','Gobeaux','128-544-6316','igobeauxg@yale.edu','0 Manley Plaza');
INSERT INTO "Buyer" ("buyerID","firstName","lastName","phone","email","address") VALUES (18,'Sarajane','Flucker','559-921-5180','sfluckerh@topsy.com','75812 Susan Park');
INSERT INTO "Buyer" ("buyerID","firstName","lastName","phone","email","address") VALUES (19,'Rolland','Zelley','422-323-7084','rzelleyi@ocn.ne.jp','06758 Sunfield Park');
INSERT INTO "Buyer" ("buyerID","firstName","lastName","phone","email","address") VALUES (20,'Maggy','Dron','147-469-4228','mdronj@answers.com','5871 Monica Pass');
INSERT INTO "Buyer" ("buyerID","firstName","lastName","phone","email","address") VALUES (21,'Lynsey','Flecknoe','594-702-4999','lflecknoek@blogger.com','4 Roxbury Junction');
INSERT INTO "Buyer" ("buyerID","firstName","lastName","phone","email","address") VALUES (22,'Jana','Ironside','225-427-4315','jironsidel@pagesperso-orange.fr','69335 Susan Alley');
INSERT INTO "Buyer" ("buyerID","firstName","lastName","phone","email","address") VALUES (23,'Culver','Sindall','409-315-5626','csindallm@nasa.gov','8955 Gulseth Road');
INSERT INTO "Buyer" ("buyerID","firstName","lastName","phone","email","address") VALUES (24,'Latrena','Flury','885-825-8901','lfluryn@ovh.net','07366 Morningstar Way');
INSERT INTO "Buyer" ("buyerID","firstName","lastName","phone","email","address") VALUES (25,'Gabrila','Giacubbo','579-131-1869','ggiacubboo@theatlantic.com','5875 Dexter Street');
INSERT INTO "Buyer" ("buyerID","firstName","lastName","phone","email","address") VALUES (26,'Nixie','Lamps','402-103-6353','nlampsp@npr.org',NULL);
INSERT INTO "Buyer" ("buyerID","firstName","lastName","phone","email","address") VALUES (27,'Suellen','Royce','574-995-2271','sroyceq@weibo.com','41429 Northview Hill');
INSERT INTO "Buyer" ("buyerID","firstName","lastName","phone","email","address") VALUES (28,'Deb','Weedon','360-524-3320','dweedonr@taobao.com','29 North Center');
INSERT INTO "Buyer" ("buyerID","firstName","lastName","phone","email","address") VALUES (29,'Lonnard','Bischoff','385-536-1031','lbischoffs@e-recht24.de','90805 Killdeer Terrace');
INSERT INTO "Buyer" ("buyerID","firstName","lastName","phone","email","address") VALUES (30,'Cleo','Jikovsky','561-617-8023','cjikovskyt@meetup.com','883 Lukken Way');
INSERT INTO "Buyer" ("buyerID","firstName","lastName","phone","email","address") VALUES (31,'Donnie','Whoolehan','345-643-7282','dwhoolehanu@unicef.org','558 Thackeray Point');
INSERT INTO "Buyer" ("buyerID","firstName","lastName","phone","email","address") VALUES (32,'Galina','Sickling','471-441-2760','gsicklingv@smugmug.com','33064 Butternut Terrace');
INSERT INTO "Buyer" ("buyerID","firstName","lastName","phone","email","address") VALUES (33,'Ines','Philo','488-425-5357','iphilow@springer.com','1 Sunfield Plaza');
INSERT INTO "Buyer" ("buyerID","firstName","lastName","phone","email","address") VALUES (34,'Roby','Peffer','963-670-7862','rpefferx@tinypic.com','6 Acker Drive');
INSERT INTO "Buyer" ("buyerID","firstName","lastName","phone","email","address") VALUES (35,'Jobye','McReath','196-867-3932','jmcreathy@posterous.com','3 Hanover Road');
INSERT INTO "Buyer" ("buyerID","firstName","lastName","phone","email","address") VALUES (36,'Ardenia','Chasteau','587-719-4944','achasteauz@barnesandnoble.com','9 Holmberg Terrace');
INSERT INTO "Buyer" ("buyerID","firstName","lastName","phone","email","address") VALUES (37,'Baxie','Pawlicki','605-578-7793','bpawlicki10@abc.net.au','5 Burning Wood Lane');
INSERT INTO "Buyer" ("buyerID","firstName","lastName","phone","email","address") VALUES (38,'Jordon','Taynton','508-488-5415','jtaynton11@oakley.com','647 Logan Hill');
INSERT INTO "Buyer" ("buyerID","firstName","lastName","phone","email","address") VALUES (39,'Sigismund','Stronach','915-403-8521','sstronach12@loc.gov','3 Center Circle');
INSERT INTO "Buyer" ("buyerID","firstName","lastName","phone","email","address") VALUES (40,'Guntar','Shapland','401-854-8238','gshapland13@ucla.edu','98 Kropf Terrace');
INSERT INTO "Buyer" ("buyerID","firstName","lastName","phone","email","address") VALUES (41,'Melisandra','Nyssens','859-507-5791','mnyssens14@newsvine.com','590 Union Street');
INSERT INTO "Buyer" ("buyerID","firstName","lastName","phone","email","address") VALUES (42,'Kelsy','Keirl','169-587-2619','kkeirl15@ihg.com','99079 Holy Cross Drive');
INSERT INTO "Buyer" ("buyerID","firstName","lastName","phone","email","address") VALUES (43,'Sabra','Welldrake','411-966-2511','swelldrake16@merriam-webster.com','8 Claremont Plaza');
INSERT INTO "Buyer" ("buyerID","firstName","lastName","phone","email","address") VALUES (44,'Leora','Elizabeth','479-373-3165','lelizabeth17@google.co.jp','17150 Mariners Cove Drive');
INSERT INTO "Buyer" ("buyerID","firstName","lastName","phone","email","address") VALUES (45,'Sue','Pothecary','969-701-3511','spothecary18@engadget.com',NULL);
INSERT INTO "Buyer" ("buyerID","firstName","lastName","phone","email","address") VALUES (46,'Antonin','Zukerman','451-299-5060','azukerman19@imageshack.us','3952 Spaight Terrace');
INSERT INTO "Buyer" ("buyerID","firstName","lastName","phone","email","address") VALUES (47,'Julie','Hammerich','878-208-1373','jhammerich1a@miibeian.gov.cn','10 Hanson Way');
INSERT INTO "Buyer" ("buyerID","firstName","lastName","phone","email","address") VALUES (48,'Lu','Weiser','293-192-1476','lweiser1b@nhs.uk','8 Lotheville Center');
INSERT INTO "Buyer" ("buyerID","firstName","lastName","phone","email","address") VALUES (49,'Filippa','Splevins','810-533-4050','fsplevins1c@4shared.com','75704 Mandrake Trail');
INSERT INTO "Buyer" ("buyerID","firstName","lastName","phone","email","address") VALUES (50,'Hermia','Sarre','118-386-0996','hsarre1d@mozilla.com','28559 4th Lane');
INSERT INTO "Buyer" ("buyerID","firstName","lastName","phone","email","address") VALUES (51,'Cristionna','Dabernott','502-257-2116','cdabernott1e@yellowbook.com','3 Gina Way');
INSERT INTO "Buyer" ("buyerID","firstName","lastName","phone","email","address") VALUES (52,'Eveline','Berridge','499-880-5044','eberridge1f@e-recht24.de','677 Weeping Birch Alley');
INSERT INTO "Buyer" ("buyerID","firstName","lastName","phone","email","address") VALUES (53,'Tressa','Arrell','831-384-7888','tarrell1g@aboutads.info','6281 Stuart Road');
INSERT INTO "Buyer" ("buyerID","firstName","lastName","phone","email","address") VALUES (54,'Ericha','Charnick','457-136-4584','echarnick1h@4shared.com',NULL);
INSERT INTO "Buyer" ("buyerID","firstName","lastName","phone","email","address") VALUES (55,'Cynde','Stanners','651-928-4003','cstanners1i@hostgator.com','4511 Bonner Crossing');
INSERT INTO "Buyer" ("buyerID","firstName","lastName","phone","email","address") VALUES (56,'Miguel','Hains','134-240-8838','mhains1j@skype.com',NULL);
INSERT INTO "Buyer" ("buyerID","firstName","lastName","phone","email","address") VALUES (57,'Zak','Pogson','821-330-6678','zpogson1k@examiner.com','997 Fieldstone Point');
INSERT INTO "Buyer" ("buyerID","firstName","lastName","phone","email","address") VALUES (58,'Felisha','Tindle','448-197-3717','ftindle1l@odnoklassniki.ru','32236 Lunder Street');
INSERT INTO "Buyer" ("buyerID","firstName","lastName","phone","email","address") VALUES (59,'Chaim','Keenan','204-150-7352','ckeenan1m@livejournal.com','96 Lien Lane');
INSERT INTO "Buyer" ("buyerID","firstName","lastName","phone","email","address") VALUES (60,'Wildon','McDonnell','263-439-9567','wmcdonnell1n@unc.edu','7 Tennyson Lane');
INSERT INTO "Buyer" ("buyerID","firstName","lastName","phone","email","address") VALUES (61,'Carlin','Glewe','974-723-5808','cglewe1o@jimdo.com','411 John Wall Crossing');
INSERT INTO "Buyer" ("buyerID","firstName","lastName","phone","email","address") VALUES (62,'Olive','Thickett','636-254-0648','othickett1p@nih.gov','4 Center Terrace');
INSERT INTO "Buyer" ("buyerID","firstName","lastName","phone","email","address") VALUES (63,'Glori','Hawtin','690-736-0722','ghawtin1q@jimdo.com',NULL);
INSERT INTO "Buyer" ("buyerID","firstName","lastName","phone","email","address") VALUES (64,'Cyb','Fleote','316-825-9302','cfleote1r@dagondesign.com','511 Ryan Pass');
INSERT INTO "Buyer" ("buyerID","firstName","lastName","phone","email","address") VALUES (65,'Astra','Toten','116-315-9113','atoten1s@odnoklassniki.ru','09 Mayer Hill');
INSERT INTO "Buyer" ("buyerID","firstName","lastName","phone","email","address") VALUES (66,'Ike','Osmon','378-870-3684','iosmon1t@smugmug.com',NULL);
INSERT INTO "Buyer" ("buyerID","firstName","lastName","phone","email","address") VALUES (67,'Kandace','Sirl','297-255-9757','ksirl1u@apple.com','91611 Miller Court');
INSERT INTO "Buyer" ("buyerID","firstName","lastName","phone","email","address") VALUES (68,'Gillan','Hawkslee','792-892-2426','ghawkslee1v@prlog.org','72190 Bartillon Avenue');
INSERT INTO "Buyer" ("buyerID","firstName","lastName","phone","email","address") VALUES (69,'Wye','O''Hern','274-221-8473','wohern1w@tiny.cc','7 New Castle Road');
INSERT INTO "Buyer" ("buyerID","firstName","lastName","phone","email","address") VALUES (70,'Marylou','Tixier','323-997-3700','mtixier1x@webnode.com','00320 Miller Point');
INSERT INTO "Buyer" ("buyerID","firstName","lastName","phone","email","address") VALUES (71,'Maible','Rodell','681-729-4313','mrodell1y@elegantthemes.com','123 Randy Junction');
INSERT INTO "Buyer" ("buyerID","firstName","lastName","phone","email","address") VALUES (72,'Elianore','Tancock','435-324-0856','etancock1z@vk.com','2 Jenna Hill');
INSERT INTO "Buyer" ("buyerID","firstName","lastName","phone","email","address") VALUES (73,'Randolf','Chalk','380-117-7896','rchalk20@nba.com','6 Huxley Way');
INSERT INTO "Buyer" ("buyerID","firstName","lastName","phone","email","address") VALUES (74,'Kittie','Wilkisson','544-499-7418','kwilkisson21@mlb.com','05151 Esch Court');
INSERT INTO "Buyer" ("buyerID","firstName","lastName","phone","email","address") VALUES (75,'Judon','Dowdall','561-361-6217','jdowdall22@smugmug.com','7 Shelley Lane');
INSERT INTO "Buyer" ("buyerID","firstName","lastName","phone","email","address") VALUES (76,'Roselle','Carroll','727-816-3595','rcarroll23@nature.com','2366 Farmco Junction');
INSERT INTO "Buyer" ("buyerID","firstName","lastName","phone","email","address") VALUES (77,'Alexa','Jorgensen','608-751-2125','ajorgensen24@vimeo.com','29589 Upham Plaza');
INSERT INTO "Buyer" ("buyerID","firstName","lastName","phone","email","address") VALUES (78,'Boote','Stannas','348-808-0277','bstannas25@ihg.com','40747 Mosinee Way');
INSERT INTO "Buyer" ("buyerID","firstName","lastName","phone","email","address") VALUES (79,'Tania','Swanston','459-327-5569','tswanston26@about.com','53 Westridge Park');
INSERT INTO "Buyer" ("buyerID","firstName","lastName","phone","email","address") VALUES (80,'Remus','Stollwerk','333-380-8636','rstollwerk27@sciencedaily.com','557 Village Circle');
INSERT INTO "Buyer" ("buyerID","firstName","lastName","phone","email","address") VALUES (81,'Ugo','Hulke','363-257-7079','uhulke28@slideshare.net',NULL);
INSERT INTO "Buyer" ("buyerID","firstName","lastName","phone","email","address") VALUES (82,'Rafaello','Blas','552-678-8219','rblas29@xrea.com','62 Utah Hill');
INSERT INTO "Buyer" ("buyerID","firstName","lastName","phone","email","address") VALUES (83,'Forbes','Pau','597-505-8080','fpau2a@cornell.edu','83 Hollow Ridge Alley');
INSERT INTO "Buyer" ("buyerID","firstName","lastName","phone","email","address") VALUES (84,'Myra','Willingham','874-127-0808','mwillingham2b@senate.gov','9952 Ridgeview Avenue');
INSERT INTO "Buyer" ("buyerID","firstName","lastName","phone","email","address") VALUES (85,'Crichton','Maren','311-240-8602','cmaren2c@symantec.com','1 Troy Drive');
INSERT INTO "Buyer" ("buyerID","firstName","lastName","phone","email","address") VALUES (86,'Bat','Mepsted','189-363-3713','bmepsted2d@chron.com','982 Parkside Parkway');
INSERT INTO "Buyer" ("buyerID","firstName","lastName","phone","email","address") VALUES (87,'Dag','Flaubert','901-735-0204','dflaubert2e@simplemachines.org','11958 Arapahoe Trail');
INSERT INTO "Buyer" ("buyerID","firstName","lastName","phone","email","address") VALUES (88,'Dorri','Duffill','378-253-1313','dduffill2f@patch.com','48 Onsgard Avenue');
INSERT INTO "Buyer" ("buyerID","firstName","lastName","phone","email","address") VALUES (89,'Abrahan','Norvel','374-797-2285','anorvel2g@jimdo.com','43 Butterfield Plaza');
INSERT INTO "Buyer" ("buyerID","firstName","lastName","phone","email","address") VALUES (90,'Gladys','Esel','392-751-9400','gesel2h@last.fm','6700 Lakewood Gardens Street');
INSERT INTO "Buyer" ("buyerID","firstName","lastName","phone","email","address") VALUES (91,'Lenee','Woodyear','569-618-0106','lwoodyear2i@nps.gov','5358 Packers Plaza');
INSERT INTO "Buyer" ("buyerID","firstName","lastName","phone","email","address") VALUES (92,'Jenny','Bergstram','994-191-4005','jbergstram2j@yahoo.com','49399 Columbus Trail');
INSERT INTO "Buyer" ("buyerID","firstName","lastName","phone","email","address") VALUES (93,'Olivia','Govett','291-895-1796','ogovett2k@upenn.edu','742 Golf Course Road');
INSERT INTO "Buyer" ("buyerID","firstName","lastName","phone","email","address") VALUES (94,'Emmalee','Sawbridge','884-811-9689','esawbridge2l@mac.com','2597 Maryland Center');
INSERT INTO "Buyer" ("buyerID","firstName","lastName","phone","email","address") VALUES (95,'Demott','Philpin','648-605-7669','dphilpin2m@upenn.edu','4108 Sutteridge Center');
INSERT INTO "Buyer" ("buyerID","firstName","lastName","phone","email","address") VALUES (96,'Giffard','O''Duggan','677-237-4171','goduggan2n@dyndns.org','639 Maple Park');
INSERT INTO "Buyer" ("buyerID","firstName","lastName","phone","email","address") VALUES (97,'Anjela','Mathers','487-263-1428','amathers2o@youtu.be','3 Hoepker Road');
INSERT INTO "Buyer" ("buyerID","firstName","lastName","phone","email","address") VALUES (98,'Denny','Beinisch','184-175-8803','dbeinisch2p@unblog.fr','926 Golf Course Way');
INSERT INTO "Buyer" ("buyerID","firstName","lastName","phone","email","address") VALUES (99,'Abbye','Domange','513-267-9908','adomange2q@va.gov','607 Bowman Lane');
INSERT INTO "Buyer" ("buyerID","firstName","lastName","phone","email","address") VALUES (100,'Pen','Mersey','654-718-7868','pmersey2r@e-recht24.de','95 Mcbride Avenue');
INSERT INTO "Agent" ("agentID","firstName","lastName","phone","email","address") VALUES (1,'Isa','Warn','853-718-2222','iwarn0@amazon.co.jp','71818 North Parkway');
INSERT INTO "Agent" ("agentID","firstName","lastName","phone","email","address") VALUES (2,'Vanda','Greaser','972-981-6045','vgreaser1@digg.com','9 Amoth Parkway');
INSERT INTO "Agent" ("agentID","firstName","lastName","phone","email","address") VALUES (3,'Monro','Burbank','129-916-4676','mburbank2@vimeo.com','2 Onsgard Court');
INSERT INTO "Agent" ("agentID","firstName","lastName","phone","email","address") VALUES (4,'Gonzales','Topham','887-156-7091','gtopham3@utexas.edu','095 Pine View Crossing');
INSERT INTO "Agent" ("agentID","firstName","lastName","phone","email","address") VALUES (5,'Joell','Brawley','686-847-5032','jbrawley4@reddit.com','6 Jenifer Way');
INSERT INTO "Agent" ("agentID","firstName","lastName","phone","email","address") VALUES (6,'Bernice','Yosevitz','671-636-4710','byosevitz5@paypal.com','76 Shelley Plaza');
INSERT INTO "Agent" ("agentID","firstName","lastName","phone","email","address") VALUES (7,'Glynda','Bromage','352-102-0624','gbromage6@tmall.com','24462 Carioca Center');
INSERT INTO "Agent" ("agentID","firstName","lastName","phone","email","address") VALUES (8,'Milton','Papierz','905-740-5378','mpapierz7@prlog.org','55 Algoma Alley');
INSERT INTO "Agent" ("agentID","firstName","lastName","phone","email","address") VALUES (9,'Flossi','Arnall','793-711-9658','farnall8@opensource.org','06375 Lindbergh Pass');
INSERT INTO "Agent" ("agentID","firstName","lastName","phone","email","address") VALUES (10,'Aube','Cleever','984-200-8347','acleever9@bbc.co.uk','633 Bartillon Center');
INSERT INTO "Agent" ("agentID","firstName","lastName","phone","email","address") VALUES (11,'Pippa','Lamden','116-314-0688','plamdena@yandex.ru','63 Roxbury Street');
INSERT INTO "Agent" ("agentID","firstName","lastName","phone","email","address") VALUES (12,'Ottilie','Aldus','629-597-9182','oaldusb@flickr.com','1 Crest Line Circle');
INSERT INTO "Agent" ("agentID","firstName","lastName","phone","email","address") VALUES (13,'Lonnie','McMillam','589-957-8549','lmcmillamc@bbc.co.uk','59 Lakewood Street');
INSERT INTO "Agent" ("agentID","firstName","lastName","phone","email","address") VALUES (14,'Boycie','Clorley','100-114-4426','bclorleyd@qq.com','424 Fairfield Way');
INSERT INTO "Agent" ("agentID","firstName","lastName","phone","email","address") VALUES (15,'Briny','Honisch','126-799-7576','bhonische@geocities.com','62 Comanche Crossing');
INSERT INTO "Agent" ("agentID","firstName","lastName","phone","email","address") VALUES (16,'Danny','Swainger','491-284-6325','dswaingerf@hatena.ne.jp','2 Brown Center');
INSERT INTO "Agent" ("agentID","firstName","lastName","phone","email","address") VALUES (17,'Link','Kundt','411-720-7077','lkundtg@infoseek.co.jp','8124 Laurel Junction');
INSERT INTO "Agent" ("agentID","firstName","lastName","phone","email","address") VALUES (18,'Agnesse','MacCracken','818-346-7392','amaccrackenh@sbwire.com','504 Dennis Center');
INSERT INTO "Agent" ("agentID","firstName","lastName","phone","email","address") VALUES (19,'Cristie','Lewtey','639-719-7703','clewteyi@zimbio.com','0448 Menomonie Trail');
INSERT INTO "Agent" ("agentID","firstName","lastName","phone","email","address") VALUES (20,'Lothario','Oehme','903-972-4552','loehmej@tripadvisor.com','6 Hayes Alley');
INSERT INTO "Agent" ("agentID","firstName","lastName","phone","email","address") VALUES (21,'Farleigh','Barneville','930-146-2836','fbarnevillek@shareasale.com','3429 Mallard Trail');
INSERT INTO "Agent" ("agentID","firstName","lastName","phone","email","address") VALUES (22,'Mattie','Swigg','920-237-3409','mswiggl@discovery.com','79065 Badeau Park');
INSERT INTO "Agent" ("agentID","firstName","lastName","phone","email","address") VALUES (23,'Brittan','O''Hare','864-363-3437','boharem@etsy.com','98 Mallard Parkway');
INSERT INTO "Agent" ("agentID","firstName","lastName","phone","email","address") VALUES (24,'Ryon','Sprowles','820-682-5020','rsprowlesn@tuttocitta.it','4028 Ridgeview Avenue');
INSERT INTO "Agent" ("agentID","firstName","lastName","phone","email","address") VALUES (25,'Isiahi','Langland','659-938-0269','ilanglando@netlog.com','37 American Center');
INSERT INTO "Agent" ("agentID","firstName","lastName","phone","email","address") VALUES (26,'Stanfield','Boykett','226-735-0250','sboykettp@so-net.ne.jp','7923 Alpine Place');
INSERT INTO "Agent" ("agentID","firstName","lastName","phone","email","address") VALUES (27,'Gussie','Oene','992-761-4818','goeneq@vistaprint.com','78335 Bartillon Junction');
INSERT INTO "Agent" ("agentID","firstName","lastName","phone","email","address") VALUES (28,'Gregoire','Pace','191-804-7956','gpacer@nationalgeographic.com','025 Superior Park');
INSERT INTO "Agent" ("agentID","firstName","lastName","phone","email","address") VALUES (29,'Jerrie','Thal','182-948-9399','jthals@irs.gov','3 West Center');
INSERT INTO "Agent" ("agentID","firstName","lastName","phone","email","address") VALUES (30,'Seka','Faircloth','859-485-4551','sfairclotht@foxnews.com','768 Northview Hill');
INSERT INTO "Agent" ("agentID","firstName","lastName","phone","email","address") VALUES (31,'Kristy','Lewis','925-459-8526','klewisu@sciencedaily.com','0611 Hagan Pass');
INSERT INTO "Agent" ("agentID","firstName","lastName","phone","email","address") VALUES (32,'Noami','Elfleet','157-614-3763','nelfleetv@wix.com','0 Cascade Trail');
INSERT INTO "Agent" ("agentID","firstName","lastName","phone","email","address") VALUES (33,'Cly','Bowker','991-446-7678','cbowkerw@google.com.hk','62 Lunder Plaza');
INSERT INTO "Agent" ("agentID","firstName","lastName","phone","email","address") VALUES (34,'Odille','Yellep','557-171-8685','oyellepx@altervista.org','9 Menomonie Hill');
INSERT INTO "Agent" ("agentID","firstName","lastName","phone","email","address") VALUES (35,'Courtnay','Poolman','402-797-7446','cpoolmany@nifty.com','64 Hudson Lane');
INSERT INTO "Agent" ("agentID","firstName","lastName","phone","email","address") VALUES (36,'Early','Bikker','583-235-8780','ebikkerz@stanford.edu','76760 Menomonie Crossing');
INSERT INTO "Agent" ("agentID","firstName","lastName","phone","email","address") VALUES (37,'Abbye','Lampen','285-122-3252','alampen10@moonfruit.com','7832 Lerdahl Park');
INSERT INTO "Agent" ("agentID","firstName","lastName","phone","email","address") VALUES (38,'Kaela','MacTavish','952-406-9632','kmactavish11@shop-pro.jp','57293 Springs Crossing');
INSERT INTO "Agent" ("agentID","firstName","lastName","phone","email","address") VALUES (39,'Elicia','Doxsey','503-377-5202','edoxsey12@admin.ch','9 Thackeray Park');
INSERT INTO "Agent" ("agentID","firstName","lastName","phone","email","address") VALUES (40,'Lynn','Wasbrough','308-318-8739','lwasbrough13@europa.eu','6770 Grover Way');
INSERT INTO "Agent" ("agentID","firstName","lastName","phone","email","address") VALUES (41,'Caralie','Rawles','718-125-7624','crawles14@yellowpages.com','51 Upham Street');
INSERT INTO "Agent" ("agentID","firstName","lastName","phone","email","address") VALUES (42,'Traci','Costi','249-664-7395','tcosti15@about.com','66 Stuart Lane');
INSERT INTO "Agent" ("agentID","firstName","lastName","phone","email","address") VALUES (43,'Clayborne','Couthard','585-860-1477','ccouthard16@accuweather.com','38 Weeping Birch Trail');
INSERT INTO "Agent" ("agentID","firstName","lastName","phone","email","address") VALUES (44,'Katharine','Armit','238-930-7752','karmit17@hhs.gov','2 Columbus Avenue');
INSERT INTO "Agent" ("agentID","firstName","lastName","phone","email","address") VALUES (45,'Christiano','Savaage','887-639-5230','csavaage18@go.com','1093 Goodland Alley');
INSERT INTO "Agent" ("agentID","firstName","lastName","phone","email","address") VALUES (46,'Lambert','Trimmell','564-633-4378','ltrimmell19@bloglines.com','98 Rusk Alley');
INSERT INTO "Agent" ("agentID","firstName","lastName","phone","email","address") VALUES (47,'Odele','Paver','813-589-6639','opaver1a@squarespace.com','4321 Schurz Trail');
INSERT INTO "Agent" ("agentID","firstName","lastName","phone","email","address") VALUES (48,'Julianna','Elderkin','798-504-3227','jelderkin1b@tmall.com','16 Independence Hill');
INSERT INTO "Agent" ("agentID","firstName","lastName","phone","email","address") VALUES (49,'Paul','Nozzolii','747-623-1637','pnozzolii1c@bloomberg.com','7288 Schiller Place');
INSERT INTO "Agent" ("agentID","firstName","lastName","phone","email","address") VALUES (50,'Janeczka','M''Quharg','513-308-4344','jmquharg1d@yahoo.com','66401 Gulseth Parkway');
INSERT INTO "Agent" ("agentID","firstName","lastName","phone","email","address") VALUES (51,'Tracie','McCuish','210-763-7467','tmccuish1e@europa.eu','7304 Warner Road');
INSERT INTO "Agent" ("agentID","firstName","lastName","phone","email","address") VALUES (52,'Reggie','Scholey','573-282-7277','rscholey1f@cmu.edu','5091 Farmco Point');
INSERT INTO "Agent" ("agentID","firstName","lastName","phone","email","address") VALUES (53,'Tate','Allwell','809-395-8838','tallwell1g@miitbeian.gov.cn','1 Calypso Circle');
INSERT INTO "Agent" ("agentID","firstName","lastName","phone","email","address") VALUES (54,'Muriel','Nisius','134-577-6529','mnisius1h@icio.us','8759 Morning Park');
INSERT INTO "Agent" ("agentID","firstName","lastName","phone","email","address") VALUES (55,'Bartholomeo','MacCole','945-597-4829','bmaccole1i@com.com','4 Russell Street');
INSERT INTO "Agent" ("agentID","firstName","lastName","phone","email","address") VALUES (56,'Tammie','Heelis','453-867-7003','theelis1j@tiny.cc','68869 Hintze Center');
INSERT INTO "Agent" ("agentID","firstName","lastName","phone","email","address") VALUES (57,'Emmott','Dyne','757-827-6854','edyne1k@latimes.com','9647 Randy Terrace');
INSERT INTO "Agent" ("agentID","firstName","lastName","phone","email","address") VALUES (58,'Freddie','Aveyard','229-383-1545','faveyard1l@google.pl','1378 East Point');
INSERT INTO "Agent" ("agentID","firstName","lastName","phone","email","address") VALUES (59,'Terrill','Delany','817-452-3371','tdelany1m@yellowpages.com','9545 Karstens Center');
INSERT INTO "Agent" ("agentID","firstName","lastName","phone","email","address") VALUES (60,'Forrest','de Pinna','198-896-1749','fdepinna1n@cornell.edu','79773 Holmberg Lane');
INSERT INTO "Agent" ("agentID","firstName","lastName","phone","email","address") VALUES (61,'Davide','Ovitts','971-219-5205','dovitts1o@comsenz.com','19 Shelley Center');
INSERT INTO "Agent" ("agentID","firstName","lastName","phone","email","address") VALUES (62,'Merrilee','Connolly','614-315-0868','mconnolly1p@cocolog-nifty.com','99700 Graedel Pass');
INSERT INTO "Agent" ("agentID","firstName","lastName","phone","email","address") VALUES (63,'Standford','Marrian','586-394-8075','smarrian1q@jalbum.net','24226 Shoshone Plaza');
INSERT INTO "Agent" ("agentID","firstName","lastName","phone","email","address") VALUES (64,'Emmett','Rizzo','157-241-0489','erizzo1r@jigsy.com','3533 Mariners Cove Street');
INSERT INTO "Agent" ("agentID","firstName","lastName","phone","email","address") VALUES (65,'Pepillo','Cox','987-513-6604','pcox1s@ed.gov','2 Autumn Leaf Junction');
INSERT INTO "Agent" ("agentID","firstName","lastName","phone","email","address") VALUES (66,'Kelcey','Brunnstein','234-431-3354','kbrunnstein1t@163.com','86768 Mayer Alley');
INSERT INTO "Agent" ("agentID","firstName","lastName","phone","email","address") VALUES (67,'Cyndie','Hakeworth','170-484-5439','chakeworth1u@oracle.com','151 Carberry Road');
INSERT INTO "Agent" ("agentID","firstName","lastName","phone","email","address") VALUES (68,'Aridatha','Stening','310-932-2120','astening1v@army.mil','113 Forest Run Way');
INSERT INTO "Agent" ("agentID","firstName","lastName","phone","email","address") VALUES (69,'Theadora','Reary','653-784-9875','treary1w@google.es','52 Ilene Road');
INSERT INTO "Agent" ("agentID","firstName","lastName","phone","email","address") VALUES (70,'Vittoria','Capell','224-895-8265','vcapell1x@liveinternet.ru','37080 Westend Crossing');
INSERT INTO "Agent" ("agentID","firstName","lastName","phone","email","address") VALUES (71,'Ninnetta','Cicchetto','318-922-0914','ncicchetto1y@amazonaws.com','64833 Brentwood Way');
INSERT INTO "Agent" ("agentID","firstName","lastName","phone","email","address") VALUES (72,'Scott','Lawrence','492-616-8092','slawrence1z@cdbaby.com','239 Express Pass');
INSERT INTO "Agent" ("agentID","firstName","lastName","phone","email","address") VALUES (73,'Terrijo','Traice','965-939-7798','ttraice20@macromedia.com','4 Scoville Trail');
INSERT INTO "Agent" ("agentID","firstName","lastName","phone","email","address") VALUES (74,'Tamarra','Dowell','555-319-8496','tdowell21@alibaba.com','741 Corscot Terrace');
INSERT INTO "Agent" ("agentID","firstName","lastName","phone","email","address") VALUES (75,'Spenser','Khoter','549-713-2292','skhoter22@nsw.gov.au','8749 Dayton Circle');
INSERT INTO "Agent" ("agentID","firstName","lastName","phone","email","address") VALUES (76,'Kailey','McKerron','785-688-0631','kmckerron23@tuttocitta.it','83229 8th Circle');
INSERT INTO "Agent" ("agentID","firstName","lastName","phone","email","address") VALUES (77,'Eudora','Surgeoner','371-684-8940','esurgeoner24@rakuten.co.jp','0 Maryland Lane');
INSERT INTO "Agent" ("agentID","firstName","lastName","phone","email","address") VALUES (78,'Gisele','Gookey','874-146-6474','ggookey25@cocolog-nifty.com','3996 Burning Wood Junction');
INSERT INTO "Agent" ("agentID","firstName","lastName","phone","email","address") VALUES (79,'Llywellyn','Fido','803-794-8602','lfido26@opera.com','3513 Di Loreto Center');
INSERT INTO "Agent" ("agentID","firstName","lastName","phone","email","address") VALUES (80,'Annamarie','Carrick','555-963-7026','acarrick27@canalblog.com','09970 Towne Hill');
INSERT INTO "Agent" ("agentID","firstName","lastName","phone","email","address") VALUES (81,'Beatrix','Durtnel','725-137-4894','bdurtnel28@columbia.edu','16 Bartillon Avenue');
INSERT INTO "Agent" ("agentID","firstName","lastName","phone","email","address") VALUES (82,'Laurena','Kirwin','311-364-0962','lkirwin29@amazonaws.com','1898 Lien Park');
INSERT INTO "Agent" ("agentID","firstName","lastName","phone","email","address") VALUES (83,'Kayle','McGucken','981-465-0446','kmcgucken2a@dmoz.org','94919 Blackbird Alley');
INSERT INTO "Agent" ("agentID","firstName","lastName","phone","email","address") VALUES (84,'Maryann','Cason','864-499-2279','mcason2b@bluehost.com','97 Golden Leaf Alley');
INSERT INTO "Agent" ("agentID","firstName","lastName","phone","email","address") VALUES (85,'Alvina','Tomkowicz','756-230-1213','atomkowicz2c@addthis.com','13 Northland Terrace');
INSERT INTO "Agent" ("agentID","firstName","lastName","phone","email","address") VALUES (86,'Alane','Hembery','739-936-1199','ahembery2d@jimdo.com','06 Kedzie Trail');
INSERT INTO "Agent" ("agentID","firstName","lastName","phone","email","address") VALUES (87,'Ole','McCaighey','247-643-6704','omccaighey2e@shareasale.com','9 Golf Court');
INSERT INTO "Agent" ("agentID","firstName","lastName","phone","email","address") VALUES (88,'Francisca','Primrose','484-279-3464','fprimrose2f@g.co','666 Basil Parkway');
INSERT INTO "Agent" ("agentID","firstName","lastName","phone","email","address") VALUES (89,'Berri','Ensten','439-871-3155','bensten2g@vk.com','01 Susan Trail');
INSERT INTO "Agent" ("agentID","firstName","lastName","phone","email","address") VALUES (90,'Mildred','McKeurtan','515-463-7226','mmckeurtan2h@wikia.com','37 Rockefeller Avenue');
INSERT INTO "Agent" ("agentID","firstName","lastName","phone","email","address") VALUES (91,'Junie','Sondon','236-847-1456','jsondon2i@jigsy.com','0 Fremont Park');
INSERT INTO "Agent" ("agentID","firstName","lastName","phone","email","address") VALUES (92,'Glory','Thrush','442-460-8483','gthrush2j@xing.com','517 Magdeline Trail');
INSERT INTO "Agent" ("agentID","firstName","lastName","phone","email","address") VALUES (93,'Norby','Greenset','392-686-2603','ngreenset2k@topsy.com','2487 Daystar Pass');
INSERT INTO "Agent" ("agentID","firstName","lastName","phone","email","address") VALUES (94,'Jeremie','Mahy','838-348-9603','jmahy2l@ted.com','15 Crowley Plaza');
INSERT INTO "Agent" ("agentID","firstName","lastName","phone","email","address") VALUES (95,'Jemmie','Palle','268-263-8867','jpalle2m@ca.gov','2 Oak Valley Drive');
INSERT INTO "Agent" ("agentID","firstName","lastName","phone","email","address") VALUES (96,'Dee dee','Garvan','256-243-6946','dgarvan2n@tinypic.com','7 Thompson Alley');
INSERT INTO "Agent" ("agentID","firstName","lastName","phone","email","address") VALUES (97,'Wendie','Tildesley','868-521-4272','wtildesley2o@dailymotion.com','695 Schurz Terrace');
INSERT INTO "Agent" ("agentID","firstName","lastName","phone","email","address") VALUES (98,'Ottilie','Pottberry','805-172-1196','opottberry2p@wired.com','6 Judy Circle');
INSERT INTO "Agent" ("agentID","firstName","lastName","phone","email","address") VALUES (99,'Jean','Heinicke','588-871-9777','jheinicke2q@nymag.com','273 Sycamore Park');
INSERT INTO "Agent" ("agentID","firstName","lastName","phone","email","address") VALUES (100,'Thedric','Tomlinson','935-137-7088','ttomlinson2r@diigo.com','665 Artisan Court');
INSERT INTO "Price" ("priceID","homeID","marketPrice","bidPrice","lastPrice") VALUES (1,64,426638,457841,523449);
INSERT INTO "Price" ("priceID","homeID","marketPrice","bidPrice","lastPrice") VALUES (2,84,782471,885648,183725);
INSERT INTO "Price" ("priceID","homeID","marketPrice","bidPrice","lastPrice") VALUES (3,13,152214,465940,647567);
INSERT INTO "Price" ("priceID","homeID","marketPrice","bidPrice","lastPrice") VALUES (4,82,637157,823242,769887);
INSERT INTO "Price" ("priceID","homeID","marketPrice","bidPrice","lastPrice") VALUES (5,15,847191,509139,119159);
INSERT INTO "Price" ("priceID","homeID","marketPrice","bidPrice","lastPrice") VALUES (6,60,700708,813999,675150);
INSERT INTO "Price" ("priceID","homeID","marketPrice","bidPrice","lastPrice") VALUES (7,68,597783,562925,128276);
INSERT INTO "Price" ("priceID","homeID","marketPrice","bidPrice","lastPrice") VALUES (8,86,176843,758665,388059);
INSERT INTO "Price" ("priceID","homeID","marketPrice","bidPrice","lastPrice") VALUES (9,59,865321,399885,122992);
INSERT INTO "Price" ("priceID","homeID","marketPrice","bidPrice","lastPrice") VALUES (10,10,632322,493062,605763);
INSERT INTO "Price" ("priceID","homeID","marketPrice","bidPrice","lastPrice") VALUES (11,34,544350,588839,536397);
INSERT INTO "Price" ("priceID","homeID","marketPrice","bidPrice","lastPrice") VALUES (12,35,544194,767442,330123);
INSERT INTO "Price" ("priceID","homeID","marketPrice","bidPrice","lastPrice") VALUES (13,32,319761,538627,195119);
INSERT INTO "Price" ("priceID","homeID","marketPrice","bidPrice","lastPrice") VALUES (14,99,405337,584952,337824);
INSERT INTO "Price" ("priceID","homeID","marketPrice","bidPrice","lastPrice") VALUES (15,88,137935,807165,609276);
INSERT INTO "Price" ("priceID","homeID","marketPrice","bidPrice","lastPrice") VALUES (16,40,773269,551157,385778);
INSERT INTO "Price" ("priceID","homeID","marketPrice","bidPrice","lastPrice") VALUES (17,90,427697,262053,840210);
INSERT INTO "Price" ("priceID","homeID","marketPrice","bidPrice","lastPrice") VALUES (18,14,165706,437431,610734);
INSERT INTO "Price" ("priceID","homeID","marketPrice","bidPrice","lastPrice") VALUES (19,49,858705,238214,293044);
INSERT INTO "Price" ("priceID","homeID","marketPrice","bidPrice","lastPrice") VALUES (20,72,203092,379701,124238);
INSERT INTO "Price" ("priceID","homeID","marketPrice","bidPrice","lastPrice") VALUES (21,58,873557,763684,325059);
INSERT INTO "Price" ("priceID","homeID","marketPrice","bidPrice","lastPrice") VALUES (22,43,853805,557952,288214);
INSERT INTO "Price" ("priceID","homeID","marketPrice","bidPrice","lastPrice") VALUES (23,7,789689,349641,647186);
INSERT INTO "Price" ("priceID","homeID","marketPrice","bidPrice","lastPrice") VALUES (24,8,115871,382583,145382);
INSERT INTO "Price" ("priceID","homeID","marketPrice","bidPrice","lastPrice") VALUES (25,74,750146,240476,825745);
INSERT INTO "Price" ("priceID","homeID","marketPrice","bidPrice","lastPrice") VALUES (26,42,459025,323103,236447);
INSERT INTO "Price" ("priceID","homeID","marketPrice","bidPrice","lastPrice") VALUES (27,48,114433,473558,530466);
INSERT INTO "Price" ("priceID","homeID","marketPrice","bidPrice","lastPrice") VALUES (28,2,162870,218599,180579);
INSERT INTO "Price" ("priceID","homeID","marketPrice","bidPrice","lastPrice") VALUES (29,21,642546,311687,870529);
INSERT INTO "Price" ("priceID","homeID","marketPrice","bidPrice","lastPrice") VALUES (30,24,158818,554690,288318);
INSERT INTO "Price" ("priceID","homeID","marketPrice","bidPrice","lastPrice") VALUES (31,57,627694,521880,639868);
INSERT INTO "Price" ("priceID","homeID","marketPrice","bidPrice","lastPrice") VALUES (32,6,410956,129350,282730);
INSERT INTO "Price" ("priceID","homeID","marketPrice","bidPrice","lastPrice") VALUES (33,69,373657,605526,582836);
INSERT INTO "Price" ("priceID","homeID","marketPrice","bidPrice","lastPrice") VALUES (34,100,536611,109696,288169);
INSERT INTO "Price" ("priceID","homeID","marketPrice","bidPrice","lastPrice") VALUES (35,41,105267,402078,126980);
INSERT INTO "Price" ("priceID","homeID","marketPrice","bidPrice","lastPrice") VALUES (36,29,510727,854518,572073);
INSERT INTO "Price" ("priceID","homeID","marketPrice","bidPrice","lastPrice") VALUES (37,67,625563,230827,531738);
INSERT INTO "Price" ("priceID","homeID","marketPrice","bidPrice","lastPrice") VALUES (38,76,414721,144840,560731);
INSERT INTO "Price" ("priceID","homeID","marketPrice","bidPrice","lastPrice") VALUES (39,16,169950,203472,296644);
INSERT INTO "Price" ("priceID","homeID","marketPrice","bidPrice","lastPrice") VALUES (40,3,653859,433272,416080);
INSERT INTO "Price" ("priceID","homeID","marketPrice","bidPrice","lastPrice") VALUES (41,1,458565,204863,187120);
INSERT INTO "Price" ("priceID","homeID","marketPrice","bidPrice","lastPrice") VALUES (42,92,449977,309769,406602);
INSERT INTO "Price" ("priceID","homeID","marketPrice","bidPrice","lastPrice") VALUES (43,54,201623,550737,510605);
INSERT INTO "Price" ("priceID","homeID","marketPrice","bidPrice","lastPrice") VALUES (44,70,602270,423689,217333);
INSERT INTO "Price" ("priceID","homeID","marketPrice","bidPrice","lastPrice") VALUES (45,46,416472,319953,771130);
INSERT INTO "Price" ("priceID","homeID","marketPrice","bidPrice","lastPrice") VALUES (46,19,479661,334838,636284);
INSERT INTO "Price" ("priceID","homeID","marketPrice","bidPrice","lastPrice") VALUES (47,27,424790,458543,775200);
INSERT INTO "Price" ("priceID","homeID","marketPrice","bidPrice","lastPrice") VALUES (48,55,157745,433840,335496);
INSERT INTO "Price" ("priceID","homeID","marketPrice","bidPrice","lastPrice") VALUES (49,61,374242,784419,833337);
INSERT INTO "Price" ("priceID","homeID","marketPrice","bidPrice","lastPrice") VALUES (50,62,799326,591974,373661);
INSERT INTO "Price" ("priceID","homeID","marketPrice","bidPrice","lastPrice") VALUES (51,33,391523,373510,886936);
INSERT INTO "Price" ("priceID","homeID","marketPrice","bidPrice","lastPrice") VALUES (52,96,118756,415728,176881);
INSERT INTO "Price" ("priceID","homeID","marketPrice","bidPrice","lastPrice") VALUES (53,71,486481,517856,621733);
INSERT INTO "Price" ("priceID","homeID","marketPrice","bidPrice","lastPrice") VALUES (54,36,116470,757199,805620);
INSERT INTO "Price" ("priceID","homeID","marketPrice","bidPrice","lastPrice") VALUES (55,47,604875,696817,391939);
INSERT INTO "Price" ("priceID","homeID","marketPrice","bidPrice","lastPrice") VALUES (56,18,727573,245400,710196);
INSERT INTO "Price" ("priceID","homeID","marketPrice","bidPrice","lastPrice") VALUES (57,63,337907,273378,351702);
INSERT INTO "Price" ("priceID","homeID","marketPrice","bidPrice","lastPrice") VALUES (58,17,133823,787518,790932);
INSERT INTO "Price" ("priceID","homeID","marketPrice","bidPrice","lastPrice") VALUES (59,28,394533,555137,726349);
INSERT INTO "Price" ("priceID","homeID","marketPrice","bidPrice","lastPrice") VALUES (60,30,489827,314554,123895);
INSERT INTO "Price" ("priceID","homeID","marketPrice","bidPrice","lastPrice") VALUES (61,91,337971,421461,684982);
INSERT INTO "Price" ("priceID","homeID","marketPrice","bidPrice","lastPrice") VALUES (62,4,897775,164713,162096);
INSERT INTO "Price" ("priceID","homeID","marketPrice","bidPrice","lastPrice") VALUES (63,26,661376,567529,710694);
INSERT INTO "Price" ("priceID","homeID","marketPrice","bidPrice","lastPrice") VALUES (64,53,722497,256674,771721);
INSERT INTO "Price" ("priceID","homeID","marketPrice","bidPrice","lastPrice") VALUES (65,9,461701,596255,527484);
INSERT INTO "Price" ("priceID","homeID","marketPrice","bidPrice","lastPrice") VALUES (66,87,210608,373547,324736);
INSERT INTO "Price" ("priceID","homeID","marketPrice","bidPrice","lastPrice") VALUES (67,73,119929,380643,384144);
INSERT INTO "Price" ("priceID","homeID","marketPrice","bidPrice","lastPrice") VALUES (68,94,615274,660596,846339);
INSERT INTO "Price" ("priceID","homeID","marketPrice","bidPrice","lastPrice") VALUES (69,23,899551,389682,886828);
INSERT INTO "Price" ("priceID","homeID","marketPrice","bidPrice","lastPrice") VALUES (70,89,165730,638081,382475);
INSERT INTO "Price" ("priceID","homeID","marketPrice","bidPrice","lastPrice") VALUES (71,85,582731,720118,247371);
INSERT INTO "Price" ("priceID","homeID","marketPrice","bidPrice","lastPrice") VALUES (72,97,104511,230133,836603);
INSERT INTO "Price" ("priceID","homeID","marketPrice","bidPrice","lastPrice") VALUES (73,51,281322,698480,393036);
INSERT INTO "Price" ("priceID","homeID","marketPrice","bidPrice","lastPrice") VALUES (74,44,453472,887568,479842);
INSERT INTO "Price" ("priceID","homeID","marketPrice","bidPrice","lastPrice") VALUES (75,50,797123,386950,650084);
INSERT INTO "Price" ("priceID","homeID","marketPrice","bidPrice","lastPrice") VALUES (76,65,827006,234211,297881);
INSERT INTO "Price" ("priceID","homeID","marketPrice","bidPrice","lastPrice") VALUES (77,95,571956,461162,723805);
INSERT INTO "Price" ("priceID","homeID","marketPrice","bidPrice","lastPrice") VALUES (78,52,549427,664784,897689);
INSERT INTO "Price" ("priceID","homeID","marketPrice","bidPrice","lastPrice") VALUES (79,56,222943,420416,479233);
INSERT INTO "Price" ("priceID","homeID","marketPrice","bidPrice","lastPrice") VALUES (80,78,526666,599332,515564);
INSERT INTO "Price" ("priceID","homeID","marketPrice","bidPrice","lastPrice") VALUES (81,45,575637,240161,366475);
INSERT INTO "Price" ("priceID","homeID","marketPrice","bidPrice","lastPrice") VALUES (82,93,838927,258595,271896);
INSERT INTO "Price" ("priceID","homeID","marketPrice","bidPrice","lastPrice") VALUES (83,79,491482,213366,120842);
INSERT INTO "Price" ("priceID","homeID","marketPrice","bidPrice","lastPrice") VALUES (84,31,154705,425532,642715);
INSERT INTO "Price" ("priceID","homeID","marketPrice","bidPrice","lastPrice") VALUES (85,12,398376,396784,200053);
INSERT INTO "Price" ("priceID","homeID","marketPrice","bidPrice","lastPrice") VALUES (86,81,153893,545703,590383);
INSERT INTO "Price" ("priceID","homeID","marketPrice","bidPrice","lastPrice") VALUES (87,83,207138,144010,472154);
INSERT INTO "Price" ("priceID","homeID","marketPrice","bidPrice","lastPrice") VALUES (88,20,470228,807492,615124);
INSERT INTO "Price" ("priceID","homeID","marketPrice","bidPrice","lastPrice") VALUES (89,5,871525,459422,137266);
INSERT INTO "Price" ("priceID","homeID","marketPrice","bidPrice","lastPrice") VALUES (90,37,440525,637654,292248);
INSERT INTO "Price" ("priceID","homeID","marketPrice","bidPrice","lastPrice") VALUES (91,98,498473,428177,579794);
INSERT INTO "Price" ("priceID","homeID","marketPrice","bidPrice","lastPrice") VALUES (92,66,502926,165369,705365);
INSERT INTO "Price" ("priceID","homeID","marketPrice","bidPrice","lastPrice") VALUES (93,22,497965,757547,579012);
INSERT INTO "Price" ("priceID","homeID","marketPrice","bidPrice","lastPrice") VALUES (94,25,374216,597140,402554);
INSERT INTO "Price" ("priceID","homeID","marketPrice","bidPrice","lastPrice") VALUES (95,39,561131,679073,527670);
INSERT INTO "Price" ("priceID","homeID","marketPrice","bidPrice","lastPrice") VALUES (96,80,143245,298016,829776);
INSERT INTO "Price" ("priceID","homeID","marketPrice","bidPrice","lastPrice") VALUES (97,75,577018,752719,524869);
INSERT INTO "Price" ("priceID","homeID","marketPrice","bidPrice","lastPrice") VALUES (98,38,627302,619363,516153);
INSERT INTO "Price" ("priceID","homeID","marketPrice","bidPrice","lastPrice") VALUES (99,77,271725,383866,881478);
INSERT INTO "Price" ("priceID","homeID","marketPrice","bidPrice","lastPrice") VALUES (100,11,632395,663982,205308);
INSERT INTO "PropertyStatus" ("statusID","homeID","status","statusSetDate") VALUES (1,57,'contingent','9/2/2020');
INSERT INTO "PropertyStatus" ("statusID","homeID","status","statusSetDate") VALUES (2,93,'pending','3/7/2020');
INSERT INTO "PropertyStatus" ("statusID","homeID","status","statusSetDate") VALUES (3,25,'pending','8/11/2020');
INSERT INTO "PropertyStatus" ("statusID","homeID","status","statusSetDate") VALUES (4,39,'pending','3/19/2020');
INSERT INTO "PropertyStatus" ("statusID","homeID","status","statusSetDate") VALUES (5,76,'pending','5/25/2020');
INSERT INTO "PropertyStatus" ("statusID","homeID","status","statusSetDate") VALUES (6,41,'contingent','8/23/2020');
INSERT INTO "PropertyStatus" ("statusID","homeID","status","statusSetDate") VALUES (7,91,'sold','4/30/2020');
INSERT INTO "PropertyStatus" ("statusID","homeID","status","statusSetDate") VALUES (8,7,'coming soon','9/19/2020');
INSERT INTO "PropertyStatus" ("statusID","homeID","status","statusSetDate") VALUES (9,69,'pending','12/14/2019');
INSERT INTO "PropertyStatus" ("statusID","homeID","status","statusSetDate") VALUES (10,90,'coming soon','3/20/2020');
INSERT INTO "PropertyStatus" ("statusID","homeID","status","statusSetDate") VALUES (11,84,'active','6/16/2020');
INSERT INTO "PropertyStatus" ("statusID","homeID","status","statusSetDate") VALUES (12,86,'active','1/7/2020');
INSERT INTO "PropertyStatus" ("statusID","homeID","status","statusSetDate") VALUES (13,11,'coming soon','1/18/2020');
INSERT INTO "PropertyStatus" ("statusID","homeID","status","statusSetDate") VALUES (14,26,'active','4/7/2020');
INSERT INTO "PropertyStatus" ("statusID","homeID","status","statusSetDate") VALUES (15,21,'coming soon','6/27/2020');
INSERT INTO "PropertyStatus" ("statusID","homeID","status","statusSetDate") VALUES (16,100,'contingent','3/25/2020');
INSERT INTO "PropertyStatus" ("statusID","homeID","status","statusSetDate") VALUES (17,3,'coming soon','6/22/2020');
INSERT INTO "PropertyStatus" ("statusID","homeID","status","statusSetDate") VALUES (18,24,'active','4/3/2020');
INSERT INTO "PropertyStatus" ("statusID","homeID","status","statusSetDate") VALUES (19,59,'sold','10/28/2019');
INSERT INTO "PropertyStatus" ("statusID","homeID","status","statusSetDate") VALUES (20,18,'contingent','1/1/2020');
INSERT INTO "PropertyStatus" ("statusID","homeID","status","statusSetDate") VALUES (21,79,'pending','5/12/2020');
INSERT INTO "PropertyStatus" ("statusID","homeID","status","statusSetDate") VALUES (22,53,'pending','5/21/2020');
INSERT INTO "PropertyStatus" ("statusID","homeID","status","statusSetDate") VALUES (23,51,'pending','8/22/2020');
INSERT INTO "PropertyStatus" ("statusID","homeID","status","statusSetDate") VALUES (24,94,'pending','3/26/2020');
INSERT INTO "PropertyStatus" ("statusID","homeID","status","statusSetDate") VALUES (25,67,'coming soon','10/15/2020');
INSERT INTO "PropertyStatus" ("statusID","homeID","status","statusSetDate") VALUES (26,66,'contingent','4/17/2020');
INSERT INTO "PropertyStatus" ("statusID","homeID","status","statusSetDate") VALUES (27,70,'pending','3/9/2020');
INSERT INTO "PropertyStatus" ("statusID","homeID","status","statusSetDate") VALUES (28,36,'pending','4/19/2020');
INSERT INTO "PropertyStatus" ("statusID","homeID","status","statusSetDate") VALUES (29,14,'active','1/5/2020');
INSERT INTO "PropertyStatus" ("statusID","homeID","status","statusSetDate") VALUES (30,80,'pending','6/19/2020');
INSERT INTO "PropertyStatus" ("statusID","homeID","status","statusSetDate") VALUES (31,5,'active','8/2/2020');
INSERT INTO "PropertyStatus" ("statusID","homeID","status","statusSetDate") VALUES (32,88,'pending','11/18/2019');
INSERT INTO "PropertyStatus" ("statusID","homeID","status","statusSetDate") VALUES (33,30,'pending','12/25/2019');
INSERT INTO "PropertyStatus" ("statusID","homeID","status","statusSetDate") VALUES (34,65,'pending','2/17/2020');
INSERT INTO "PropertyStatus" ("statusID","homeID","status","statusSetDate") VALUES (35,34,'pending','9/12/2020');
INSERT INTO "PropertyStatus" ("statusID","homeID","status","statusSetDate") VALUES (36,72,'coming soon','12/30/2019');
INSERT INTO "PropertyStatus" ("statusID","homeID","status","statusSetDate") VALUES (37,9,'contingent','8/1/2020');
INSERT INTO "PropertyStatus" ("statusID","homeID","status","statusSetDate") VALUES (38,73,'contingent','9/8/2020');
INSERT INTO "PropertyStatus" ("statusID","homeID","status","statusSetDate") VALUES (39,37,'sold','6/2/2020');
INSERT INTO "PropertyStatus" ("statusID","homeID","status","statusSetDate") VALUES (40,13,'pending','5/26/2020');
INSERT INTO "PropertyStatus" ("statusID","homeID","status","statusSetDate") VALUES (41,12,'active','3/7/2020');
INSERT INTO "PropertyStatus" ("statusID","homeID","status","statusSetDate") VALUES (42,31,'coming soon','1/11/2020');
INSERT INTO "PropertyStatus" ("statusID","homeID","status","statusSetDate") VALUES (43,49,'sold','9/26/2020');
INSERT INTO "PropertyStatus" ("statusID","homeID","status","statusSetDate") VALUES (44,44,'pending','9/22/2020');
INSERT INTO "PropertyStatus" ("statusID","homeID","status","statusSetDate") VALUES (45,63,'active','2/5/2020');
INSERT INTO "PropertyStatus" ("statusID","homeID","status","statusSetDate") VALUES (46,87,'sold','11/8/2019');
INSERT INTO "PropertyStatus" ("statusID","homeID","status","statusSetDate") VALUES (47,92,'pending','4/26/2020');
INSERT INTO "PropertyStatus" ("statusID","homeID","status","statusSetDate") VALUES (48,48,'active','2/21/2020');
INSERT INTO "PropertyStatus" ("statusID","homeID","status","statusSetDate") VALUES (49,40,'active','8/22/2020');
INSERT INTO "PropertyStatus" ("statusID","homeID","status","statusSetDate") VALUES (50,97,'sold','5/21/2020');
INSERT INTO "PropertyStatus" ("statusID","homeID","status","statusSetDate") VALUES (51,71,'active','1/11/2020');
INSERT INTO "PropertyStatus" ("statusID","homeID","status","statusSetDate") VALUES (52,82,'coming soon','4/30/2020');
INSERT INTO "PropertyStatus" ("statusID","homeID","status","statusSetDate") VALUES (53,16,'sold','2/24/2020');
INSERT INTO "PropertyStatus" ("statusID","homeID","status","statusSetDate") VALUES (54,64,'sold','2/17/2020');
INSERT INTO "PropertyStatus" ("statusID","homeID","status","statusSetDate") VALUES (55,58,'coming soon','9/6/2020');
INSERT INTO "PropertyStatus" ("statusID","homeID","status","statusSetDate") VALUES (56,28,'coming soon','12/27/2019');
INSERT INTO "PropertyStatus" ("statusID","homeID","status","statusSetDate") VALUES (57,20,'coming soon','8/21/2020');
INSERT INTO "PropertyStatus" ("statusID","homeID","status","statusSetDate") VALUES (58,95,'coming soon','9/18/2020');
INSERT INTO "PropertyStatus" ("statusID","homeID","status","statusSetDate") VALUES (59,19,'sold','12/27/2019');
INSERT INTO "PropertyStatus" ("statusID","homeID","status","statusSetDate") VALUES (60,4,'pending','7/13/2020');
INSERT INTO "PropertyStatus" ("statusID","homeID","status","statusSetDate") VALUES (61,56,'pending','5/7/2020');
INSERT INTO "PropertyStatus" ("statusID","homeID","status","statusSetDate") VALUES (62,1,'active','1/2/2020');
INSERT INTO "PropertyStatus" ("statusID","homeID","status","statusSetDate") VALUES (63,15,'contingent','6/14/2020');
INSERT INTO "PropertyStatus" ("statusID","homeID","status","statusSetDate") VALUES (64,85,'contingent','11/21/2019');
INSERT INTO "PropertyStatus" ("statusID","homeID","status","statusSetDate") VALUES (65,29,'sold','10/6/2020');
INSERT INTO "PropertyStatus" ("statusID","homeID","status","statusSetDate") VALUES (66,6,'contingent','5/29/2020');
INSERT INTO "PropertyStatus" ("statusID","homeID","status","statusSetDate") VALUES (67,38,'contingent','12/19/2019');
INSERT INTO "PropertyStatus" ("statusID","homeID","status","statusSetDate") VALUES (68,42,'active','7/20/2020');
INSERT INTO "PropertyStatus" ("statusID","homeID","status","statusSetDate") VALUES (69,22,'active','9/8/2020');
INSERT INTO "PropertyStatus" ("statusID","homeID","status","statusSetDate") VALUES (70,52,'coming soon','1/23/2020');
INSERT INTO "PropertyStatus" ("statusID","homeID","status","statusSetDate") VALUES (71,60,'sold','8/6/2020');
INSERT INTO "PropertyStatus" ("statusID","homeID","status","statusSetDate") VALUES (72,17,'contingent','2/13/2020');
INSERT INTO "PropertyStatus" ("statusID","homeID","status","statusSetDate") VALUES (73,55,'pending','7/15/2020');
INSERT INTO "PropertyStatus" ("statusID","homeID","status","statusSetDate") VALUES (74,77,'contingent','2/27/2020');
INSERT INTO "PropertyStatus" ("statusID","homeID","status","statusSetDate") VALUES (75,78,'pending','1/28/2020');
INSERT INTO "PropertyStatus" ("statusID","homeID","status","statusSetDate") VALUES (76,99,'pending','7/28/2020');
INSERT INTO "PropertyStatus" ("statusID","homeID","status","statusSetDate") VALUES (77,23,'active','7/31/2020');
INSERT INTO "PropertyStatus" ("statusID","homeID","status","statusSetDate") VALUES (78,27,'pending','12/31/2019');
INSERT INTO "PropertyStatus" ("statusID","homeID","status","statusSetDate") VALUES (79,33,'sold','2/6/2020');
INSERT INTO "PropertyStatus" ("statusID","homeID","status","statusSetDate") VALUES (80,45,'contingent','2/19/2020');
INSERT INTO "PropertyStatus" ("statusID","homeID","status","statusSetDate") VALUES (81,68,'contingent','6/14/2020');
INSERT INTO "PropertyStatus" ("statusID","homeID","status","statusSetDate") VALUES (82,10,'contingent','9/30/2020');
INSERT INTO "PropertyStatus" ("statusID","homeID","status","statusSetDate") VALUES (83,61,'pending','3/19/2020');
INSERT INTO "PropertyStatus" ("statusID","homeID","status","statusSetDate") VALUES (84,43,'contingent','9/26/2020');
INSERT INTO "PropertyStatus" ("statusID","homeID","status","statusSetDate") VALUES (85,47,'contingent','5/2/2020');
INSERT INTO "PropertyStatus" ("statusID","homeID","status","statusSetDate") VALUES (86,74,'coming soon','4/1/2020');
INSERT INTO "PropertyStatus" ("statusID","homeID","status","statusSetDate") VALUES (87,46,'contingent','12/27/2019');
INSERT INTO "PropertyStatus" ("statusID","homeID","status","statusSetDate") VALUES (88,75,'active','10/12/2020');
INSERT INTO "PropertyStatus" ("statusID","homeID","status","statusSetDate") VALUES (89,8,'coming soon','9/29/2020');
INSERT INTO "PropertyStatus" ("statusID","homeID","status","statusSetDate") VALUES (90,89,'coming soon','1/3/2020');
INSERT INTO "PropertyStatus" ("statusID","homeID","status","statusSetDate") VALUES (91,2,'pending','7/18/2020');
INSERT INTO "PropertyStatus" ("statusID","homeID","status","statusSetDate") VALUES (92,96,'active','3/28/2020');
INSERT INTO "PropertyStatus" ("statusID","homeID","status","statusSetDate") VALUES (93,83,'pending','2/26/2020');
INSERT INTO "PropertyStatus" ("statusID","homeID","status","statusSetDate") VALUES (94,50,'coming soon','1/8/2020');
INSERT INTO "PropertyStatus" ("statusID","homeID","status","statusSetDate") VALUES (95,35,'active','12/12/2019');
INSERT INTO "PropertyStatus" ("statusID","homeID","status","statusSetDate") VALUES (96,54,'contingent','4/21/2020');
INSERT INTO "PropertyStatus" ("statusID","homeID","status","statusSetDate") VALUES (97,32,'contingent','7/27/2020');
INSERT INTO "PropertyStatus" ("statusID","homeID","status","statusSetDate") VALUES (98,98,'sold','12/8/2019');
INSERT INTO "PropertyStatus" ("statusID","homeID","status","statusSetDate") VALUES (99,62,'contingent','9/20/2020');
INSERT INTO "PropertyStatus" ("statusID","homeID","status","statusSetDate") VALUES (100,81,'coming soon','9/7/2020');
INSERT INTO "Home" ("homeID","homeType","bedrooms","bathrooms","interiorArea","lot","parking","heating","cooling","view") VALUES (1,'multi-family',4,3.5,1010,5488,1,'central heating system','ductless systems','city');
INSERT INTO "Home" ("homeID","homeType","bedrooms","bathrooms","interiorArea","lot","parking","heating","cooling","view") VALUES (2,'townhouses',5,4.5,7494,3336,5,'furnaces','central cooling system','park');
INSERT INTO "Home" ("homeID","homeType","bedrooms","bathrooms","interiorArea","lot","parking","heating","cooling","view") VALUES (3,'apartments',1,1.5,7490,1500,5,'electric','ductless systems','mountain');
INSERT INTO "Home" ("homeID","homeType","bedrooms","bathrooms","interiorArea","lot","parking","heating","cooling","view") VALUES (4,'lots/land',3,3.5,6518,3719,5,'furnaces','central cooling system','mountain');
INSERT INTO "Home" ("homeID","homeType","bedrooms","bathrooms","interiorArea","lot","parking","heating","cooling","view") VALUES (5,'lots/land',4,1.5,5903,3969,2,'central heating system','ductless systems','city');
INSERT INTO "Home" ("homeID","homeType","bedrooms","bathrooms","interiorArea","lot","parking","heating","cooling","view") VALUES (6,'lots/land',2,3,3519,3617,5,'electric','central cooling system','water');
INSERT INTO "Home" ("homeID","homeType","bedrooms","bathrooms","interiorArea","lot","parking","heating","cooling","view") VALUES (7,'manufactured',4,2.5,7379,4172,5,'central heating system','central cooling system','city');
INSERT INTO "Home" ("homeID","homeType","bedrooms","bathrooms","interiorArea","lot","parking","heating","cooling","view") VALUES (8,'lots/land',2,1.5,3476,2280,4,'heat pumps','ductless systems','park');
INSERT INTO "Home" ("homeID","homeType","bedrooms","bathrooms","interiorArea","lot","parking","heating","cooling","view") VALUES (9,'lots/land',3,5,4131,2701,3,'central heating system','air fan','mountain');
INSERT INTO "Home" ("homeID","homeType","bedrooms","bathrooms","interiorArea","lot","parking","heating","cooling","view") VALUES (10,'townhouses',3,2.5,671,2677,NULL,'electric','window air conditioners','mountain');
INSERT INTO "Home" ("homeID","homeType","bedrooms","bathrooms","interiorArea","lot","parking","heating","cooling","view") VALUES (11,'houses',2,4.5,2380,1498,3,'electric','central cooling system',NULL);
INSERT INTO "Home" ("homeID","homeType","bedrooms","bathrooms","interiorArea","lot","parking","heating","cooling","view") VALUES (12,'lots/land',3,3,7098,6070,1,'furnaces','air fan','water');
INSERT INTO "Home" ("homeID","homeType","bedrooms","bathrooms","interiorArea","lot","parking","heating","cooling","view") VALUES (13,'condos/co-ops',3,3.5,6666,6126,1,'boilers','central cooling system','mountain');
INSERT INTO "Home" ("homeID","homeType","bedrooms","bathrooms","interiorArea","lot","parking","heating","cooling","view") VALUES (14,'apartments',2,2.5,2854,7436,5,'heat pumps','air fan','city');
INSERT INTO "Home" ("homeID","homeType","bedrooms","bathrooms","interiorArea","lot","parking","heating","cooling","view") VALUES (15,'condos/co-ops',4,1.5,5026,5936,2,'boilers','ductless systems','mountain');
INSERT INTO "Home" ("homeID","homeType","bedrooms","bathrooms","interiorArea","lot","parking","heating","cooling","view") VALUES (16,'houses',3,4.5,882,3337,5,'furnaces','air fan','water');
INSERT INTO "Home" ("homeID","homeType","bedrooms","bathrooms","interiorArea","lot","parking","heating","cooling","view") VALUES (17,'lots/land',3,3,7019,1681,2,'boilers','window air conditioners','mountain');
INSERT INTO "Home" ("homeID","homeType","bedrooms","bathrooms","interiorArea","lot","parking","heating","cooling","view") VALUES (18,'houses',5,4,4882,5512,4,'boilers','window air conditioners','mountain');
INSERT INTO "Home" ("homeID","homeType","bedrooms","bathrooms","interiorArea","lot","parking","heating","cooling","view") VALUES (19,'manufactured',4,4,869,4926,4,NULL,NULL,'park');
INSERT INTO "Home" ("homeID","homeType","bedrooms","bathrooms","interiorArea","lot","parking","heating","cooling","view") VALUES (20,'apartments',4,2,3624,4068,1,'boilers','window air conditioners',NULL);
INSERT INTO "Home" ("homeID","homeType","bedrooms","bathrooms","interiorArea","lot","parking","heating","cooling","view") VALUES (21,'townhouses',2,3.5,5730,5766,2,'central heating system','air fan','water');
INSERT INTO "Home" ("homeID","homeType","bedrooms","bathrooms","interiorArea","lot","parking","heating","cooling","view") VALUES (22,'lots/land',1,5,5941,7060,3,NULL,NULL,'city');
INSERT INTO "Home" ("homeID","homeType","bedrooms","bathrooms","interiorArea","lot","parking","heating","cooling","view") VALUES (23,'multi-family',4,2.5,2718,3304,2,'central heating system','window air conditioners','city');
INSERT INTO "Home" ("homeID","homeType","bedrooms","bathrooms","interiorArea","lot","parking","heating","cooling","view") VALUES (24,'apartments',1,2.5,7347,5956,4,NULL,NULL,NULL);
INSERT INTO "Home" ("homeID","homeType","bedrooms","bathrooms","interiorArea","lot","parking","heating","cooling","view") VALUES (25,'manufactured',2,4.5,2357,1388,4,'boilers','air fan','city');
INSERT INTO "Home" ("homeID","homeType","bedrooms","bathrooms","interiorArea","lot","parking","heating","cooling","view") VALUES (26,'condos/co-ops',1,1,6927,5251,3,'furnaces','air fan','park');
INSERT INTO "Home" ("homeID","homeType","bedrooms","bathrooms","interiorArea","lot","parking","heating","cooling","view") VALUES (27,'apartments',5,5,7046,5701,1,'electric','ductless systems','mountain');
INSERT INTO "Home" ("homeID","homeType","bedrooms","bathrooms","interiorArea","lot","parking","heating","cooling","view") VALUES (28,'houses',5,2,3720,6139,3,'central heating system','central cooling system','water');
INSERT INTO "Home" ("homeID","homeType","bedrooms","bathrooms","interiorArea","lot","parking","heating","cooling","view") VALUES (29,'apartments',5,2.5,1400,4598,1,'electric','ductless systems','city');
INSERT INTO "Home" ("homeID","homeType","bedrooms","bathrooms","interiorArea","lot","parking","heating","cooling","view") VALUES (30,'manufactured',4,5,5614,6626,5,'heat pumps','window air conditioners','city');
INSERT INTO "Home" ("homeID","homeType","bedrooms","bathrooms","interiorArea","lot","parking","heating","cooling","view") VALUES (31,'manufactured',1,2.5,4952,3429,1,'central heating system','air fan','city');
INSERT INTO "Home" ("homeID","homeType","bedrooms","bathrooms","interiorArea","lot","parking","heating","cooling","view") VALUES (32,'lots/land',2,4.5,5121,1545,1,'furnaces','window air conditioners','mountain');
INSERT INTO "Home" ("homeID","homeType","bedrooms","bathrooms","interiorArea","lot","parking","heating","cooling","view") VALUES (33,'condos/co-ops',2,5,6904,4282,1,'boilers','air fan','water');
INSERT INTO "Home" ("homeID","homeType","bedrooms","bathrooms","interiorArea","lot","parking","heating","cooling","view") VALUES (34,'condos/co-ops',3,5,1552,2760,3,'electric','air fan','mountain');
INSERT INTO "Home" ("homeID","homeType","bedrooms","bathrooms","interiorArea","lot","parking","heating","cooling","view") VALUES (35,'manufactured',5,3.5,4788,4029,5,'central heating system','air fan','mountain');
INSERT INTO "Home" ("homeID","homeType","bedrooms","bathrooms","interiorArea","lot","parking","heating","cooling","view") VALUES (36,'townhouses',5,1,4443,2377,3,'furnaces','air fan','water');
INSERT INTO "Home" ("homeID","homeType","bedrooms","bathrooms","interiorArea","lot","parking","heating","cooling","view") VALUES (37,'manufactured',5,2,3182,5529,3,'boilers','window air conditioners','mountain');
INSERT INTO "Home" ("homeID","homeType","bedrooms","bathrooms","interiorArea","lot","parking","heating","cooling","view") VALUES (38,'manufactured',2,4,1672,2362,4,'furnaces','ductless systems','mountain');
INSERT INTO "Home" ("homeID","homeType","bedrooms","bathrooms","interiorArea","lot","parking","heating","cooling","view") VALUES (39,'townhouses',4,4,5803,3118,4,'central heating system','air fan','mountain');
INSERT INTO "Home" ("homeID","homeType","bedrooms","bathrooms","interiorArea","lot","parking","heating","cooling","view") VALUES (40,'houses',3,2.5,4676,6500,1,'boilers','central cooling system','park');
INSERT INTO "Home" ("homeID","homeType","bedrooms","bathrooms","interiorArea","lot","parking","heating","cooling","view") VALUES (41,'townhouses',2,4.5,5376,5429,1,'central heating system','ductless systems','water');
INSERT INTO "Home" ("homeID","homeType","bedrooms","bathrooms","interiorArea","lot","parking","heating","cooling","view") VALUES (42,'multi-family',4,1,2132,4884,2,'boilers','ductless systems',NULL);
INSERT INTO "Home" ("homeID","homeType","bedrooms","bathrooms","interiorArea","lot","parking","heating","cooling","view") VALUES (43,'condos/co-ops',2,1,3841,6598,1,NULL,NULL,'park');
INSERT INTO "Home" ("homeID","homeType","bedrooms","bathrooms","interiorArea","lot","parking","heating","cooling","view") VALUES (44,'apartments',2,1,4663,5157,5,'electric','window air conditioners','water');
INSERT INTO "Home" ("homeID","homeType","bedrooms","bathrooms","interiorArea","lot","parking","heating","cooling","view") VALUES (45,'lots/land',5,2.5,1495,2330,2,'central heating system','ductless systems','water');
INSERT INTO "Home" ("homeID","homeType","bedrooms","bathrooms","interiorArea","lot","parking","heating","cooling","view") VALUES (46,'multi-family',5,1,6889,4619,2,NULL,NULL,'mountain');
INSERT INTO "Home" ("homeID","homeType","bedrooms","bathrooms","interiorArea","lot","parking","heating","cooling","view") VALUES (47,'multi-family',3,3,4715,4631,5,NULL,NULL,'park');
INSERT INTO "Home" ("homeID","homeType","bedrooms","bathrooms","interiorArea","lot","parking","heating","cooling","view") VALUES (48,'apartments',5,2,4042,4108,4,'boilers','ductless systems','mountain');
INSERT INTO "Home" ("homeID","homeType","bedrooms","bathrooms","interiorArea","lot","parking","heating","cooling","view") VALUES (49,'multi-family',4,2.5,971,4079,2,'electric','window air conditioners','water');
INSERT INTO "Home" ("homeID","homeType","bedrooms","bathrooms","interiorArea","lot","parking","heating","cooling","view") VALUES (50,'multi-family',1,2,1547,4347,1,'boilers','ductless systems','water');
INSERT INTO "Home" ("homeID","homeType","bedrooms","bathrooms","interiorArea","lot","parking","heating","cooling","view") VALUES (51,'apartments',2,4,1689,6420,5,'electric','window air conditioners','mountain');
INSERT INTO "Home" ("homeID","homeType","bedrooms","bathrooms","interiorArea","lot","parking","heating","cooling","view") VALUES (52,'apartments',3,2.5,4915,2904,1,'furnaces','central cooling system','park');
INSERT INTO "Home" ("homeID","homeType","bedrooms","bathrooms","interiorArea","lot","parking","heating","cooling","view") VALUES (53,'condos/co-ops',4,2.5,6508,2025,1,'central heating system','window air conditioners','park');
INSERT INTO "Home" ("homeID","homeType","bedrooms","bathrooms","interiorArea","lot","parking","heating","cooling","view") VALUES (54,'manufactured',1,3,1919,3499,5,'boilers','central cooling system','mountain');
INSERT INTO "Home" ("homeID","homeType","bedrooms","bathrooms","interiorArea","lot","parking","heating","cooling","view") VALUES (55,'apartments',2,1,1195,6672,4,'furnaces','central cooling system','mountain');
INSERT INTO "Home" ("homeID","homeType","bedrooms","bathrooms","interiorArea","lot","parking","heating","cooling","view") VALUES (56,'apartments',5,1.5,4194,2930,3,'heat pumps','central cooling system','mountain');
INSERT INTO "Home" ("homeID","homeType","bedrooms","bathrooms","interiorArea","lot","parking","heating","cooling","view") VALUES (57,'manufactured',3,1.5,3343,2152,4,'heat pumps','central cooling system','city');
INSERT INTO "Home" ("homeID","homeType","bedrooms","bathrooms","interiorArea","lot","parking","heating","cooling","view") VALUES (58,'manufactured',5,5,6565,5592,2,'central heating system','air fan','mountain');
INSERT INTO "Home" ("homeID","homeType","bedrooms","bathrooms","interiorArea","lot","parking","heating","cooling","view") VALUES (59,'condos/co-ops',2,3,1683,2056,1,'electric','air fan','park');
INSERT INTO "Home" ("homeID","homeType","bedrooms","bathrooms","interiorArea","lot","parking","heating","cooling","view") VALUES (60,'condos/co-ops',5,2.5,3645,2397,1,'boilers','air fan','city');
INSERT INTO "Home" ("homeID","homeType","bedrooms","bathrooms","interiorArea","lot","parking","heating","cooling","view") VALUES (61,'manufactured',1,3.5,5595,6364,1,'heat pumps','window air conditioners','mountain');
INSERT INTO "Home" ("homeID","homeType","bedrooms","bathrooms","interiorArea","lot","parking","heating","cooling","view") VALUES (62,'condos/co-ops',4,3,3208,4892,4,'heat pumps','central cooling system','mountain');
INSERT INTO "Home" ("homeID","homeType","bedrooms","bathrooms","interiorArea","lot","parking","heating","cooling","view") VALUES (63,'houses',5,3,1932,1943,5,'furnaces','window air conditioners','park');
INSERT INTO "Home" ("homeID","homeType","bedrooms","bathrooms","interiorArea","lot","parking","heating","cooling","view") VALUES (64,'lots/land',5,1,4619,5419,2,'heat pumps','air fan',NULL);
INSERT INTO "Home" ("homeID","homeType","bedrooms","bathrooms","interiorArea","lot","parking","heating","cooling","view") VALUES (65,'manufactured',3,1.5,896,6092,4,'electric','central cooling system','city');
INSERT INTO "Home" ("homeID","homeType","bedrooms","bathrooms","interiorArea","lot","parking","heating","cooling","view") VALUES (66,'apartments',1,2,4789,7412,1,'central heating system','window air conditioners','city');
INSERT INTO "Home" ("homeID","homeType","bedrooms","bathrooms","interiorArea","lot","parking","heating","cooling","view") VALUES (67,'houses',3,3.5,6434,4886,NULL,'furnaces','air fan',NULL);
INSERT INTO "Home" ("homeID","homeType","bedrooms","bathrooms","interiorArea","lot","parking","heating","cooling","view") VALUES (68,'houses',1,3,7292,5251,3,'boilers','window air conditioners','water');
INSERT INTO "Home" ("homeID","homeType","bedrooms","bathrooms","interiorArea","lot","parking","heating","cooling","view") VALUES (69,'houses',1,3.5,7180,4007,1,'heat pumps','window air conditioners','park');
INSERT INTO "Home" ("homeID","homeType","bedrooms","bathrooms","interiorArea","lot","parking","heating","cooling","view") VALUES (70,'townhouses',5,4.5,1886,3289,2,'furnaces','window air conditioners',NULL);
INSERT INTO "Home" ("homeID","homeType","bedrooms","bathrooms","interiorArea","lot","parking","heating","cooling","view") VALUES (71,'houses',1,3,7182,6349,5,'central heating system','ductless systems','water');
INSERT INTO "Home" ("homeID","homeType","bedrooms","bathrooms","interiorArea","lot","parking","heating","cooling","view") VALUES (72,'multi-family',4,2,3358,6521,3,'boilers','air fan','water');
INSERT INTO "Home" ("homeID","homeType","bedrooms","bathrooms","interiorArea","lot","parking","heating","cooling","view") VALUES (73,'lots/land',4,4,3553,1152,1,'electric','window air conditioners','park');
INSERT INTO "Home" ("homeID","homeType","bedrooms","bathrooms","interiorArea","lot","parking","heating","cooling","view") VALUES (74,'houses',5,1,5047,3709,3,'heat pumps','ductless systems','park');
INSERT INTO "Home" ("homeID","homeType","bedrooms","bathrooms","interiorArea","lot","parking","heating","cooling","view") VALUES (75,'houses',1,1.5,1421,4042,5,'boilers','ductless systems','water');
INSERT INTO "Home" ("homeID","homeType","bedrooms","bathrooms","interiorArea","lot","parking","heating","cooling","view") VALUES (76,'manufactured',3,2.5,6404,6159,NULL,'electric','window air conditioners','water');
INSERT INTO "Home" ("homeID","homeType","bedrooms","bathrooms","interiorArea","lot","parking","heating","cooling","view") VALUES (77,'condos/co-ops',3,4,6384,3125,NULL,'central heating system','central cooling system','water');
INSERT INTO "Home" ("homeID","homeType","bedrooms","bathrooms","interiorArea","lot","parking","heating","cooling","view") VALUES (78,'multi-family',5,3.5,6514,6026,1,'central heating system','air fan','park');
INSERT INTO "Home" ("homeID","homeType","bedrooms","bathrooms","interiorArea","lot","parking","heating","cooling","view") VALUES (79,'houses',2,3,1917,2931,2,'central heating system','air fan','city');
INSERT INTO "Home" ("homeID","homeType","bedrooms","bathrooms","interiorArea","lot","parking","heating","cooling","view") VALUES (80,'multi-family',4,3.5,859,3138,3,'electric','ductless systems','park');
INSERT INTO "Home" ("homeID","homeType","bedrooms","bathrooms","interiorArea","lot","parking","heating","cooling","view") VALUES (81,'manufactured',3,3.5,6424,6311,2,NULL,NULL,NULL);
INSERT INTO "Home" ("homeID","homeType","bedrooms","bathrooms","interiorArea","lot","parking","heating","cooling","view") VALUES (82,'manufactured',1,2.5,3534,3368,2,'electric','window air conditioners','mountain');
INSERT INTO "Home" ("homeID","homeType","bedrooms","bathrooms","interiorArea","lot","parking","heating","cooling","view") VALUES (83,'condos/co-ops',2,4,3410,2647,3,NULL,NULL,'water');
INSERT INTO "Home" ("homeID","homeType","bedrooms","bathrooms","interiorArea","lot","parking","heating","cooling","view") VALUES (84,'houses',3,1,2572,3415,1,NULL,NULL,'park');
INSERT INTO "Home" ("homeID","homeType","bedrooms","bathrooms","interiorArea","lot","parking","heating","cooling","view") VALUES (85,'condos/co-ops',4,1.5,6152,7456,1,'electric','ductless systems','city');
INSERT INTO "Home" ("homeID","homeType","bedrooms","bathrooms","interiorArea","lot","parking","heating","cooling","view") VALUES (86,'condos/co-ops',5,3.5,3854,1437,NULL,'electric','ductless systems',NULL);
INSERT INTO "Home" ("homeID","homeType","bedrooms","bathrooms","interiorArea","lot","parking","heating","cooling","view") VALUES (87,'lots/land',5,4.5,7210,4615,2,'electric','central cooling system','water');
INSERT INTO "Home" ("homeID","homeType","bedrooms","bathrooms","interiorArea","lot","parking","heating","cooling","view") VALUES (88,'lots/land',5,3.5,5258,2545,5,'central heating system','window air conditioners','water');
INSERT INTO "Home" ("homeID","homeType","bedrooms","bathrooms","interiorArea","lot","parking","heating","cooling","view") VALUES (89,'manufactured',3,4.5,6858,1723,1,'heat pumps','ductless systems','park');
INSERT INTO "Home" ("homeID","homeType","bedrooms","bathrooms","interiorArea","lot","parking","heating","cooling","view") VALUES (90,'townhouses',4,1,7404,6953,3,'central heating system','air fan','city');
INSERT INTO "Home" ("homeID","homeType","bedrooms","bathrooms","interiorArea","lot","parking","heating","cooling","view") VALUES (91,'condos/co-ops',2,4.5,7256,2091,2,'boilers','window air conditioners','city');
INSERT INTO "Home" ("homeID","homeType","bedrooms","bathrooms","interiorArea","lot","parking","heating","cooling","view") VALUES (92,'townhouses',4,1,4250,2774,1,'furnaces','central cooling system',NULL);
INSERT INTO "Home" ("homeID","homeType","bedrooms","bathrooms","interiorArea","lot","parking","heating","cooling","view") VALUES (93,'multi-family',3,1,4432,7033,1,'furnaces','air fan','mountain');
INSERT INTO "Home" ("homeID","homeType","bedrooms","bathrooms","interiorArea","lot","parking","heating","cooling","view") VALUES (94,'townhouses',1,4.5,6984,4482,1,'boilers','window air conditioners','mountain');
INSERT INTO "Home" ("homeID","homeType","bedrooms","bathrooms","interiorArea","lot","parking","heating","cooling","view") VALUES (95,'townhouses',3,3.5,1163,4087,3,'central heating system','air fan','city');
INSERT INTO "Home" ("homeID","homeType","bedrooms","bathrooms","interiorArea","lot","parking","heating","cooling","view") VALUES (96,'lots/land',4,3,1092,4750,3,'boilers','central cooling system','mountain');
INSERT INTO "Home" ("homeID","homeType","bedrooms","bathrooms","interiorArea","lot","parking","heating","cooling","view") VALUES (97,'houses',5,3.5,6990,3864,2,'boilers','central cooling system','water');
INSERT INTO "Home" ("homeID","homeType","bedrooms","bathrooms","interiorArea","lot","parking","heating","cooling","view") VALUES (98,'multi-family',1,2.5,5333,4559,5,'central heating system','window air conditioners','park');
INSERT INTO "Home" ("homeID","homeType","bedrooms","bathrooms","interiorArea","lot","parking","heating","cooling","view") VALUES (99,'townhouses',2,1.5,3679,5072,4,'central heating system','ductless systems','city');
INSERT INTO "Home" ("homeID","homeType","bedrooms","bathrooms","interiorArea","lot","parking","heating","cooling","view") VALUES (100,'manufactured',5,4,2635,1987,4,'furnaces','central cooling system','water');
INSERT INTO "Home_Owner" ("homeID","ownerID") VALUES (1,44);
INSERT INTO "Home_Owner" ("homeID","ownerID") VALUES (2,18);
INSERT INTO "Home_Owner" ("homeID","ownerID") VALUES (3,20);
INSERT INTO "Home_Owner" ("homeID","ownerID") VALUES (4,62);
INSERT INTO "Home_Owner" ("homeID","ownerID") VALUES (5,19);
INSERT INTO "Home_Owner" ("homeID","ownerID") VALUES (6,86);
INSERT INTO "Home_Owner" ("homeID","ownerID") VALUES (7,10);
INSERT INTO "Home_Owner" ("homeID","ownerID") VALUES (8,59);
INSERT INTO "Home_Owner" ("homeID","ownerID") VALUES (9,12);
INSERT INTO "Home_Owner" ("homeID","ownerID") VALUES (10,67);
INSERT INTO "Home_Owner" ("homeID","ownerID") VALUES (11,28);
INSERT INTO "Home_Owner" ("homeID","ownerID") VALUES (12,52);
INSERT INTO "Home_Owner" ("homeID","ownerID") VALUES (13,47);
INSERT INTO "Home_Owner" ("homeID","ownerID") VALUES (14,71);
INSERT INTO "Home_Owner" ("homeID","ownerID") VALUES (15,81);
INSERT INTO "Home_Owner" ("homeID","ownerID") VALUES (16,28);
INSERT INTO "Home_Owner" ("homeID","ownerID") VALUES (17,93);
INSERT INTO "Home_Owner" ("homeID","ownerID") VALUES (18,35);
INSERT INTO "Home_Owner" ("homeID","ownerID") VALUES (19,5);
INSERT INTO "Home_Owner" ("homeID","ownerID") VALUES (20,16);
INSERT INTO "Home_Owner" ("homeID","ownerID") VALUES (21,19);
INSERT INTO "Home_Owner" ("homeID","ownerID") VALUES (22,53);
INSERT INTO "Home_Owner" ("homeID","ownerID") VALUES (23,29);
INSERT INTO "Home_Owner" ("homeID","ownerID") VALUES (24,18);
INSERT INTO "Home_Owner" ("homeID","ownerID") VALUES (25,22);
INSERT INTO "Home_Owner" ("homeID","ownerID") VALUES (26,59);
INSERT INTO "Home_Owner" ("homeID","ownerID") VALUES (27,51);
INSERT INTO "Home_Owner" ("homeID","ownerID") VALUES (28,17);
INSERT INTO "Home_Owner" ("homeID","ownerID") VALUES (29,1);
INSERT INTO "Home_Owner" ("homeID","ownerID") VALUES (30,3);
INSERT INTO "Home_Owner" ("homeID","ownerID") VALUES (31,68);
INSERT INTO "Home_Owner" ("homeID","ownerID") VALUES (32,17);
INSERT INTO "Home_Owner" ("homeID","ownerID") VALUES (33,42);
INSERT INTO "Home_Owner" ("homeID","ownerID") VALUES (34,88);
INSERT INTO "Home_Owner" ("homeID","ownerID") VALUES (35,11);
INSERT INTO "Home_Owner" ("homeID","ownerID") VALUES (36,93);
INSERT INTO "Home_Owner" ("homeID","ownerID") VALUES (37,35);
INSERT INTO "Home_Owner" ("homeID","ownerID") VALUES (38,82);
INSERT INTO "Home_Owner" ("homeID","ownerID") VALUES (39,16);
INSERT INTO "Home_Owner" ("homeID","ownerID") VALUES (40,59);
INSERT INTO "Home_Owner" ("homeID","ownerID") VALUES (41,5);
INSERT INTO "Home_Owner" ("homeID","ownerID") VALUES (42,48);
INSERT INTO "Home_Owner" ("homeID","ownerID") VALUES (43,70);
INSERT INTO "Home_Owner" ("homeID","ownerID") VALUES (44,86);
INSERT INTO "Home_Owner" ("homeID","ownerID") VALUES (45,80);
INSERT INTO "Home_Owner" ("homeID","ownerID") VALUES (46,19);
INSERT INTO "Home_Owner" ("homeID","ownerID") VALUES (47,100);
INSERT INTO "Home_Owner" ("homeID","ownerID") VALUES (48,92);
INSERT INTO "Home_Owner" ("homeID","ownerID") VALUES (49,93);
INSERT INTO "Home_Owner" ("homeID","ownerID") VALUES (50,61);
INSERT INTO "Home_Owner" ("homeID","ownerID") VALUES (51,77);
INSERT INTO "Home_Owner" ("homeID","ownerID") VALUES (52,1);
INSERT INTO "Home_Owner" ("homeID","ownerID") VALUES (53,34);
INSERT INTO "Home_Owner" ("homeID","ownerID") VALUES (54,68);
INSERT INTO "Home_Owner" ("homeID","ownerID") VALUES (55,98);
INSERT INTO "Home_Owner" ("homeID","ownerID") VALUES (56,15);
INSERT INTO "Home_Owner" ("homeID","ownerID") VALUES (57,65);
INSERT INTO "Home_Owner" ("homeID","ownerID") VALUES (58,81);
INSERT INTO "Home_Owner" ("homeID","ownerID") VALUES (59,71);
INSERT INTO "Home_Owner" ("homeID","ownerID") VALUES (60,16);
INSERT INTO "Home_Owner" ("homeID","ownerID") VALUES (61,52);
INSERT INTO "Home_Owner" ("homeID","ownerID") VALUES (62,6);
INSERT INTO "Home_Owner" ("homeID","ownerID") VALUES (63,61);
INSERT INTO "Home_Owner" ("homeID","ownerID") VALUES (64,17);
INSERT INTO "Home_Owner" ("homeID","ownerID") VALUES (65,60);
INSERT INTO "Home_Owner" ("homeID","ownerID") VALUES (66,2);
INSERT INTO "Home_Owner" ("homeID","ownerID") VALUES (67,91);
INSERT INTO "Home_Owner" ("homeID","ownerID") VALUES (68,64);
INSERT INTO "Home_Owner" ("homeID","ownerID") VALUES (69,36);
INSERT INTO "Home_Owner" ("homeID","ownerID") VALUES (70,25);
INSERT INTO "Home_Owner" ("homeID","ownerID") VALUES (71,7);
INSERT INTO "Home_Owner" ("homeID","ownerID") VALUES (72,94);
INSERT INTO "Home_Owner" ("homeID","ownerID") VALUES (73,56);
INSERT INTO "Home_Owner" ("homeID","ownerID") VALUES (74,35);
INSERT INTO "Home_Owner" ("homeID","ownerID") VALUES (75,21);
INSERT INTO "Home_Owner" ("homeID","ownerID") VALUES (76,35);
INSERT INTO "Home_Owner" ("homeID","ownerID") VALUES (77,23);
INSERT INTO "Home_Owner" ("homeID","ownerID") VALUES (78,2);
INSERT INTO "Home_Owner" ("homeID","ownerID") VALUES (79,45);
INSERT INTO "Home_Owner" ("homeID","ownerID") VALUES (80,99);
INSERT INTO "Home_Owner" ("homeID","ownerID") VALUES (81,100);
INSERT INTO "Home_Owner" ("homeID","ownerID") VALUES (82,40);
INSERT INTO "Home_Owner" ("homeID","ownerID") VALUES (83,90);
INSERT INTO "Home_Owner" ("homeID","ownerID") VALUES (84,28);
INSERT INTO "Home_Owner" ("homeID","ownerID") VALUES (85,22);
INSERT INTO "Home_Owner" ("homeID","ownerID") VALUES (86,78);
INSERT INTO "Home_Owner" ("homeID","ownerID") VALUES (87,15);
INSERT INTO "Home_Owner" ("homeID","ownerID") VALUES (88,13);
INSERT INTO "Home_Owner" ("homeID","ownerID") VALUES (89,72);
INSERT INTO "Home_Owner" ("homeID","ownerID") VALUES (90,17);
INSERT INTO "Home_Owner" ("homeID","ownerID") VALUES (91,30);
INSERT INTO "Home_Owner" ("homeID","ownerID") VALUES (92,62);
INSERT INTO "Home_Owner" ("homeID","ownerID") VALUES (93,17);
INSERT INTO "Home_Owner" ("homeID","ownerID") VALUES (94,51);
INSERT INTO "Home_Owner" ("homeID","ownerID") VALUES (95,99);
INSERT INTO "Home_Owner" ("homeID","ownerID") VALUES (96,7);
INSERT INTO "Home_Owner" ("homeID","ownerID") VALUES (97,14);
INSERT INTO "Home_Owner" ("homeID","ownerID") VALUES (98,10);
INSERT INTO "Home_Owner" ("homeID","ownerID") VALUES (99,54);
INSERT INTO "Home_Owner" ("homeID","ownerID") VALUES (100,19);
INSERT INTO "Home_Agent" ("agentID","homeID") VALUES (1,13);
INSERT INTO "Home_Agent" ("agentID","homeID") VALUES (2,63);
INSERT INTO "Home_Agent" ("agentID","homeID") VALUES (3,74);
INSERT INTO "Home_Agent" ("agentID","homeID") VALUES (4,26);
INSERT INTO "Home_Agent" ("agentID","homeID") VALUES (5,85);
INSERT INTO "Home_Agent" ("agentID","homeID") VALUES (6,73);
INSERT INTO "Home_Agent" ("agentID","homeID") VALUES (7,72);
INSERT INTO "Home_Agent" ("agentID","homeID") VALUES (8,59);
INSERT INTO "Home_Agent" ("agentID","homeID") VALUES (9,52);
INSERT INTO "Home_Agent" ("agentID","homeID") VALUES (10,18);
INSERT INTO "Home_Agent" ("agentID","homeID") VALUES (11,82);
INSERT INTO "Home_Agent" ("agentID","homeID") VALUES (12,46);
INSERT INTO "Home_Agent" ("agentID","homeID") VALUES (13,100);
INSERT INTO "Home_Agent" ("agentID","homeID") VALUES (14,22);
INSERT INTO "Home_Agent" ("agentID","homeID") VALUES (15,11);
INSERT INTO "Home_Agent" ("agentID","homeID") VALUES (16,27);
INSERT INTO "Home_Agent" ("agentID","homeID") VALUES (17,24);
INSERT INTO "Home_Agent" ("agentID","homeID") VALUES (18,32);
INSERT INTO "Home_Agent" ("agentID","homeID") VALUES (19,24);
INSERT INTO "Home_Agent" ("agentID","homeID") VALUES (20,84);
INSERT INTO "Home_Agent" ("agentID","homeID") VALUES (21,11);
INSERT INTO "Home_Agent" ("agentID","homeID") VALUES (22,100);
INSERT INTO "Home_Agent" ("agentID","homeID") VALUES (23,30);
INSERT INTO "Home_Agent" ("agentID","homeID") VALUES (24,12);
INSERT INTO "Home_Agent" ("agentID","homeID") VALUES (25,96);
INSERT INTO "Home_Agent" ("agentID","homeID") VALUES (26,100);
INSERT INTO "Home_Agent" ("agentID","homeID") VALUES (27,78);
INSERT INTO "Home_Agent" ("agentID","homeID") VALUES (28,49);
INSERT INTO "Home_Agent" ("agentID","homeID") VALUES (29,92);
INSERT INTO "Home_Agent" ("agentID","homeID") VALUES (30,66);
INSERT INTO "Home_Agent" ("agentID","homeID") VALUES (31,63);
INSERT INTO "Home_Agent" ("agentID","homeID") VALUES (32,28);
INSERT INTO "Home_Agent" ("agentID","homeID") VALUES (33,5);
INSERT INTO "Home_Agent" ("agentID","homeID") VALUES (34,33);
INSERT INTO "Home_Agent" ("agentID","homeID") VALUES (35,92);
INSERT INTO "Home_Agent" ("agentID","homeID") VALUES (36,70);
INSERT INTO "Home_Agent" ("agentID","homeID") VALUES (37,27);
INSERT INTO "Home_Agent" ("agentID","homeID") VALUES (38,80);
INSERT INTO "Home_Agent" ("agentID","homeID") VALUES (39,43);
INSERT INTO "Home_Agent" ("agentID","homeID") VALUES (40,97);
INSERT INTO "Home_Agent" ("agentID","homeID") VALUES (41,22);
INSERT INTO "Home_Agent" ("agentID","homeID") VALUES (42,26);
INSERT INTO "Home_Agent" ("agentID","homeID") VALUES (43,22);
INSERT INTO "Home_Agent" ("agentID","homeID") VALUES (44,41);
INSERT INTO "Home_Agent" ("agentID","homeID") VALUES (45,40);
INSERT INTO "Home_Agent" ("agentID","homeID") VALUES (46,25);
INSERT INTO "Home_Agent" ("agentID","homeID") VALUES (47,8);
INSERT INTO "Home_Agent" ("agentID","homeID") VALUES (48,79);
INSERT INTO "Home_Agent" ("agentID","homeID") VALUES (49,84);
INSERT INTO "Home_Agent" ("agentID","homeID") VALUES (50,78);
INSERT INTO "Home_Agent" ("agentID","homeID") VALUES (51,20);
INSERT INTO "Home_Agent" ("agentID","homeID") VALUES (52,76);
INSERT INTO "Home_Agent" ("agentID","homeID") VALUES (53,42);
INSERT INTO "Home_Agent" ("agentID","homeID") VALUES (54,5);
INSERT INTO "Home_Agent" ("agentID","homeID") VALUES (55,13);
INSERT INTO "Home_Agent" ("agentID","homeID") VALUES (56,34);
INSERT INTO "Home_Agent" ("agentID","homeID") VALUES (57,26);
INSERT INTO "Home_Agent" ("agentID","homeID") VALUES (58,39);
INSERT INTO "Home_Agent" ("agentID","homeID") VALUES (59,39);
INSERT INTO "Home_Agent" ("agentID","homeID") VALUES (60,34);
INSERT INTO "Home_Agent" ("agentID","homeID") VALUES (61,11);
INSERT INTO "Home_Agent" ("agentID","homeID") VALUES (62,45);
INSERT INTO "Home_Agent" ("agentID","homeID") VALUES (63,96);
INSERT INTO "Home_Agent" ("agentID","homeID") VALUES (64,89);
INSERT INTO "Home_Agent" ("agentID","homeID") VALUES (65,96);
INSERT INTO "Home_Agent" ("agentID","homeID") VALUES (66,62);
INSERT INTO "Home_Agent" ("agentID","homeID") VALUES (67,19);
INSERT INTO "Home_Agent" ("agentID","homeID") VALUES (68,32);
INSERT INTO "Home_Agent" ("agentID","homeID") VALUES (69,26);
INSERT INTO "Home_Agent" ("agentID","homeID") VALUES (70,69);
INSERT INTO "Home_Agent" ("agentID","homeID") VALUES (71,14);
INSERT INTO "Home_Agent" ("agentID","homeID") VALUES (72,54);
INSERT INTO "Home_Agent" ("agentID","homeID") VALUES (73,77);
INSERT INTO "Home_Agent" ("agentID","homeID") VALUES (74,53);
INSERT INTO "Home_Agent" ("agentID","homeID") VALUES (75,87);
INSERT INTO "Home_Agent" ("agentID","homeID") VALUES (76,7);
INSERT INTO "Home_Agent" ("agentID","homeID") VALUES (77,47);
INSERT INTO "Home_Agent" ("agentID","homeID") VALUES (78,95);
INSERT INTO "Home_Agent" ("agentID","homeID") VALUES (79,57);
INSERT INTO "Home_Agent" ("agentID","homeID") VALUES (80,14);
INSERT INTO "Home_Agent" ("agentID","homeID") VALUES (81,17);
INSERT INTO "Home_Agent" ("agentID","homeID") VALUES (82,46);
INSERT INTO "Home_Agent" ("agentID","homeID") VALUES (83,40);
INSERT INTO "Home_Agent" ("agentID","homeID") VALUES (84,33);
INSERT INTO "Home_Agent" ("agentID","homeID") VALUES (85,86);
INSERT INTO "Home_Agent" ("agentID","homeID") VALUES (86,89);
INSERT INTO "Home_Agent" ("agentID","homeID") VALUES (87,69);
INSERT INTO "Home_Agent" ("agentID","homeID") VALUES (88,70);
INSERT INTO "Home_Agent" ("agentID","homeID") VALUES (89,85);
INSERT INTO "Home_Agent" ("agentID","homeID") VALUES (90,22);
INSERT INTO "Home_Agent" ("agentID","homeID") VALUES (91,7);
INSERT INTO "Home_Agent" ("agentID","homeID") VALUES (92,81);
INSERT INTO "Home_Agent" ("agentID","homeID") VALUES (93,86);
INSERT INTO "Home_Agent" ("agentID","homeID") VALUES (94,87);
INSERT INTO "Home_Agent" ("agentID","homeID") VALUES (95,12);
INSERT INTO "Home_Agent" ("agentID","homeID") VALUES (96,88);
INSERT INTO "Home_Agent" ("agentID","homeID") VALUES (97,70);
INSERT INTO "Home_Agent" ("agentID","homeID") VALUES (98,90);
INSERT INTO "Home_Agent" ("agentID","homeID") VALUES (99,42);
INSERT INTO "Home_Agent" ("agentID","homeID") VALUES (100,65);
INSERT INTO "Home_Buyer" ("homeID","buyerID") VALUES (1,NULL);
INSERT INTO "Home_Buyer" ("homeID","buyerID") VALUES (2,3);
INSERT INTO "Home_Buyer" ("homeID","buyerID") VALUES (3,51);
INSERT INTO "Home_Buyer" ("homeID","buyerID") VALUES (4,2);
INSERT INTO "Home_Buyer" ("homeID","buyerID") VALUES (5,69);
INSERT INTO "Home_Buyer" ("homeID","buyerID") VALUES (6,NULL);
INSERT INTO "Home_Buyer" ("homeID","buyerID") VALUES (7,42);
INSERT INTO "Home_Buyer" ("homeID","buyerID") VALUES (8,29);
INSERT INTO "Home_Buyer" ("homeID","buyerID") VALUES (9,79);
INSERT INTO "Home_Buyer" ("homeID","buyerID") VALUES (10,43);
INSERT INTO "Home_Buyer" ("homeID","buyerID") VALUES (11,41);
INSERT INTO "Home_Buyer" ("homeID","buyerID") VALUES (12,59);
INSERT INTO "Home_Buyer" ("homeID","buyerID") VALUES (13,22);
INSERT INTO "Home_Buyer" ("homeID","buyerID") VALUES (14,9);
INSERT INTO "Home_Buyer" ("homeID","buyerID") VALUES (15,71);
INSERT INTO "Home_Buyer" ("homeID","buyerID") VALUES (16,21);
INSERT INTO "Home_Buyer" ("homeID","buyerID") VALUES (17,89);
INSERT INTO "Home_Buyer" ("homeID","buyerID") VALUES (18,90);
INSERT INTO "Home_Buyer" ("homeID","buyerID") VALUES (19,42);
INSERT INTO "Home_Buyer" ("homeID","buyerID") VALUES (20,99);
INSERT INTO "Home_Buyer" ("homeID","buyerID") VALUES (21,39);
INSERT INTO "Home_Buyer" ("homeID","buyerID") VALUES (22,45);
INSERT INTO "Home_Buyer" ("homeID","buyerID") VALUES (23,61);
INSERT INTO "Home_Buyer" ("homeID","buyerID") VALUES (24,98);
INSERT INTO "Home_Buyer" ("homeID","buyerID") VALUES (25,NULL);
INSERT INTO "Home_Buyer" ("homeID","buyerID") VALUES (26,72);
INSERT INTO "Home_Buyer" ("homeID","buyerID") VALUES (27,29);
INSERT INTO "Home_Buyer" ("homeID","buyerID") VALUES (28,92);
INSERT INTO "Home_Buyer" ("homeID","buyerID") VALUES (29,30);
INSERT INTO "Home_Buyer" ("homeID","buyerID") VALUES (30,85);
INSERT INTO "Home_Buyer" ("homeID","buyerID") VALUES (31,10);
INSERT INTO "Home_Buyer" ("homeID","buyerID") VALUES (32,61);
INSERT INTO "Home_Buyer" ("homeID","buyerID") VALUES (33,95);
INSERT INTO "Home_Buyer" ("homeID","buyerID") VALUES (34,24);
INSERT INTO "Home_Buyer" ("homeID","buyerID") VALUES (35,65);
INSERT INTO "Home_Buyer" ("homeID","buyerID") VALUES (36,48);
INSERT INTO "Home_Buyer" ("homeID","buyerID") VALUES (37,17);
INSERT INTO "Home_Buyer" ("homeID","buyerID") VALUES (38,NULL);
INSERT INTO "Home_Buyer" ("homeID","buyerID") VALUES (39,NULL);
INSERT INTO "Home_Buyer" ("homeID","buyerID") VALUES (40,46);
INSERT INTO "Home_Buyer" ("homeID","buyerID") VALUES (41,35);
INSERT INTO "Home_Buyer" ("homeID","buyerID") VALUES (42,39);
INSERT INTO "Home_Buyer" ("homeID","buyerID") VALUES (43,52);
INSERT INTO "Home_Buyer" ("homeID","buyerID") VALUES (44,28);
INSERT INTO "Home_Buyer" ("homeID","buyerID") VALUES (45,24);
INSERT INTO "Home_Buyer" ("homeID","buyerID") VALUES (46,18);
INSERT INTO "Home_Buyer" ("homeID","buyerID") VALUES (47,60);
INSERT INTO "Home_Buyer" ("homeID","buyerID") VALUES (48,78);
INSERT INTO "Home_Buyer" ("homeID","buyerID") VALUES (49,100);
INSERT INTO "Home_Buyer" ("homeID","buyerID") VALUES (50,41);
INSERT INTO "Home_Buyer" ("homeID","buyerID") VALUES (51,NULL);
INSERT INTO "Home_Buyer" ("homeID","buyerID") VALUES (52,41);
INSERT INTO "Home_Buyer" ("homeID","buyerID") VALUES (53,37);
INSERT INTO "Home_Buyer" ("homeID","buyerID") VALUES (54,56);
INSERT INTO "Home_Buyer" ("homeID","buyerID") VALUES (55,NULL);
INSERT INTO "Home_Buyer" ("homeID","buyerID") VALUES (56,96);
INSERT INTO "Home_Buyer" ("homeID","buyerID") VALUES (57,73);
INSERT INTO "Home_Buyer" ("homeID","buyerID") VALUES (58,NULL);
INSERT INTO "Home_Buyer" ("homeID","buyerID") VALUES (59,12);
INSERT INTO "Home_Buyer" ("homeID","buyerID") VALUES (60,87);
INSERT INTO "Home_Buyer" ("homeID","buyerID") VALUES (61,37);
INSERT INTO "Home_Buyer" ("homeID","buyerID") VALUES (62,70);
INSERT INTO "Home_Buyer" ("homeID","buyerID") VALUES (63,48);
INSERT INTO "Home_Buyer" ("homeID","buyerID") VALUES (64,100);
INSERT INTO "Home_Buyer" ("homeID","buyerID") VALUES (65,39);
INSERT INTO "Home_Buyer" ("homeID","buyerID") VALUES (66,39);
INSERT INTO "Home_Buyer" ("homeID","buyerID") VALUES (67,68);
INSERT INTO "Home_Buyer" ("homeID","buyerID") VALUES (68,5);
INSERT INTO "Home_Buyer" ("homeID","buyerID") VALUES (69,39);
INSERT INTO "Home_Buyer" ("homeID","buyerID") VALUES (70,22);
INSERT INTO "Home_Buyer" ("homeID","buyerID") VALUES (71,NULL);
INSERT INTO "Home_Buyer" ("homeID","buyerID") VALUES (72,72);
INSERT INTO "Home_Buyer" ("homeID","buyerID") VALUES (73,72);
INSERT INTO "Home_Buyer" ("homeID","buyerID") VALUES (74,NULL);
INSERT INTO "Home_Buyer" ("homeID","buyerID") VALUES (75,31);
INSERT INTO "Home_Buyer" ("homeID","buyerID") VALUES (76,85);
INSERT INTO "Home_Buyer" ("homeID","buyerID") VALUES (77,75);
INSERT INTO "Home_Buyer" ("homeID","buyerID") VALUES (78,21);
INSERT INTO "Home_Buyer" ("homeID","buyerID") VALUES (79,28);
INSERT INTO "Home_Buyer" ("homeID","buyerID") VALUES (80,34);
INSERT INTO "Home_Buyer" ("homeID","buyerID") VALUES (81,70);
INSERT INTO "Home_Buyer" ("homeID","buyerID") VALUES (82,64);
INSERT INTO "Home_Buyer" ("homeID","buyerID") VALUES (83,43);
INSERT INTO "Home_Buyer" ("homeID","buyerID") VALUES (84,42);
INSERT INTO "Home_Buyer" ("homeID","buyerID") VALUES (85,86);
INSERT INTO "Home_Buyer" ("homeID","buyerID") VALUES (86,60);
INSERT INTO "Home_Buyer" ("homeID","buyerID") VALUES (87,25);
INSERT INTO "Home_Buyer" ("homeID","buyerID") VALUES (88,79);
INSERT INTO "Home_Buyer" ("homeID","buyerID") VALUES (89,18);
INSERT INTO "Home_Buyer" ("homeID","buyerID") VALUES (90,86);
INSERT INTO "Home_Buyer" ("homeID","buyerID") VALUES (91,53);
INSERT INTO "Home_Buyer" ("homeID","buyerID") VALUES (92,70);
INSERT INTO "Home_Buyer" ("homeID","buyerID") VALUES (93,24);
INSERT INTO "Home_Buyer" ("homeID","buyerID") VALUES (94,52);
INSERT INTO "Home_Buyer" ("homeID","buyerID") VALUES (95,34);
INSERT INTO "Home_Buyer" ("homeID","buyerID") VALUES (96,21);
INSERT INTO "Home_Buyer" ("homeID","buyerID") VALUES (97,45);
INSERT INTO "Home_Buyer" ("homeID","buyerID") VALUES (98,5);
INSERT INTO "Home_Buyer" ("homeID","buyerID") VALUES (99,40);
INSERT INTO "Home_Buyer" ("homeID","buyerID") VALUES (100,3);
COMMIT;
